temp,sis,hygro,anem1,anem2,action
-1.1288041195534224,1.018707812560758,30.686042971923236,1.4629515745776909,1.1893253566651758,SB
2.0519720951525535,0.6586745135003133,51.00441840901145,2.1107898520538524,1.7133188665237753,SB
-1.7276373285109976,4.532541754643952,36.43241267973767,2.3325216462160645,1.8990204588582031,A
0.7707171494631697,7.992543038696093,42.38073586261816,3.1742640640798845,2.576357236215711,C
2.3786609630645597,3.7212486519983328,59.98022641392569,1.054451617913847,0.8531490304962244,SB
-0.0471612695013675,21.85735515513685,36.3906685576934,0.461020483878469,0.3750095128873324,SB
1.143708366689302,2.960100585953259,41.941233808362306,2.9564113288019622,2.3678467931758864,C
-0.4955600278619956,15.869515932407513,29.79526426177117,3.518071763349122,2.8845590219956665,A
-0.122254913216509,72.79160066198442,34.15772858239404,0.033808920168323,0.0274287207057506,SB
0.624460591695451,5.478486183265089,34.78204769243035,3.9298733776608823,3.1861176384936476,C
-1.1455419502382176,4.233447075691431,31.887530881805276,0.3605320606195013,0.2953691944894378,SB
-0.4588094941733406,3.6625984614584146,34.564101329578726,0.0,1.4131787976413464,SB
0.957709665771306,4.989157760591008,43.892871858330274,0.0,2.311541585249525,C
0.4490459367707006,15.173552041263694,39.89019357838364,1.4500364840606383,1.1768062177038414,SB
-1.0772457257335084,8.895461298246929,28.000550140789823,1.4046011322023766,1.1310141464409371,SB
-1.5573920110317494,1.623208685458045,35.76262885624399,1.8922812663178032,1.5406748618313308,SB
0.067679906185019,40.09575868424521,33.92204404354821,1.371045012147028,1.112596334103662,SB
-0.5271438572613606,13.70658410325106,33.70092210919916,3.3006447221185864,2.652706718285742,A
1.413744717184122,1.3305394394425896,49.10696235016338,0.4702556387661217,0.380210643515826,SB
-0.6263338498260529,13.837233438418307,35.106933223240055,3.2068414575792046,2.6085233957327763,A
-0.4722084289182918,14.57090782753052,35.25471401425044,2.9395172667431213,2.3679858520728505,A
0.4018103984464957,24.580229598521164,31.387932580543225,2.00891042568168,3.722096934255138,C
-1.0500385984571654,3.033663566832432,35.634184068033036,0.1665704584043353,0.1336953090897621,SB
-1.09393566306463,1.5419361195757355,29.115986066747663,1.6049145484683034,1.3068481812799897,SB
0.620599266310026,1.6921603640815486,36.61213347908714,3.965265038095042,3.1949705686506285,C
-0.5310879556389116,9.305007001313925,31.390915482262074,0.5703611403704064,0.4596888356167124,SB
-0.8628409882660262,1.9295786257429743,30.529126143733155,2.746770080161255,2.24074560918069,A
-1.078587673042494,8.540849475457186,29.3590070118374,2.8148213806734743,2.2670857092532417,A
-0.2894511433685103,9.054060929771996,35.660222675426205,2.4183966793352742,1.937086623508456,A
-1.287828216145976,3.5638430897140285,30.90820671700929,2.678240350232927,2.185371649618011,A
-0.513098700655008,9.434072075426656,34.296852917726056,3.653165379326056,2.9697864434659325,A
1.7131367771082546,3.3745781971267736,46.298070161846695,0.9826173815819216,0.7913068028851432,SB
0.1227734753827776,43.98596555161038,28.28480157708133,3.055203786519762,2.451952457478509,C
0.5230115910479783,8.327581635914884,36.64799667681176,2.137289356359126,1.7243587119533543,SB
-1.124186575269717,7.686335330348548,31.96646904019757,0.2200605862275443,0.1779666880898874,SB
0.7222842918087584,10.39656032128364,40.393829078108745,3.234522720771023,2.5948429758314715,C
0.328044414479478,14.454441863816514,39.41074594917023,1.6353064553449277,1.324427742762334,SB
-1.2145336140902094,7.050911154138849,35.50271781042428,0.3825402439495786,0.3129946880413676,SB
0.3667469569302214,6.858148325920465,35.93750024289626,255.0,2.591345254928473,C
0.3187599291611142,18.864079219891412,39.28667794845873,3.752008880689091,3.0022256624285086,C
0.682187704938047,7.544604650030481,39.066299027441346,1.359815822571202,1.1038730291958228,SB
0.1536573013623909,64.84566640965429,29.187220569197457,1.2011622640308663,0.9684437044320898,SB
0.3729024421874161,17.60901802082677,36.94538052296035,2.954323988417016,2.390935673652189,C
-0.9431756794855956,4.675880479691595,33.70690552340516,1.8867957595561735,1.510436327975987,SB
-2.044359354937388,3.3979314258631272,27.89206126359347,1.0542645795000285,1.6697393770375202,SB
-1.2394637181405816,6.915642855832622,36.476176201272835,1.034666115821154,0.8416735571171774,SB
-0.2858157457164428,20.248990881886304,31.11518902473967,2.066335171653594,1.6669106806333438,SB
0.310575182700512,0.8898937768338152,37.7232401193283,1.0686179270748193,0.8588483148358281,SB
0.2177080257710224,26.581096878342837,37.42019304584584,2.787526186397738,2.231767655835144,C
0.9002975508861193,5.95679476686002,43.942502674970235,3.2806506784054825,2.637551138985975,C
-0.0103345031247005,1.6093443702234214,46.97191112388489,3.0872327638842236,1.6697393770375202,SB
0.7937532105236506,4.381206906315524,42.62719232319076,3.1617545824812088,2.5833180939091727,C
-0.6694783704880822,3.0710537169447942,32.07948638228921,3.271134412726541,2.666267478315731,A
-0.2249671434754355,37.29494884275368,36.482823752014866,3.9241200930280367,3.155784314769383,A
-0.0103345031247005,1.861286615455319,47.20055026419097,1.6099572307346774,1.2949602707788646,SB
-0.2269727573146156,31.638412413492677,28.778794038312753,2.399305740894674,1.9434857372917884,A
0.5294890702923033,12.83510074873083,34.226008645128736,3.7865660947196056,3.0797528871647644,C
0.1461947101064543,20.40495918199366,33.41182499545772,1.2308552085610902,0.9872725481010912,SB
-0.9744464618753728,6.959456437465291,30.17639954326821,1.691228916990845,1.3628492587936405,SB
0.2342187176457538,11.458128460874596,30.392995069041746,2.4340390406002212,1.9485984293478045,C
0.0271029625093399,61.70378215261832,35.911228079520704,1.1391034422714912,0.9254374331858716,SB
-1.0444076625234953,5.060659686625741,34.99148331942969,2.1433146774144207,1.7270957697491034,SB
-0.3360701598973195,2.2681022467428007,29.73436745262462,2.00891042568168,2.915237283802373,A
-0.5186031645443173,14.394130693716,33.235863059884174,4.313271193791002,3.498177504474462,A
-0.4356369730767163,14.380197627609247,30.06307386985104,3.4050728828050825,255.0,A
0.82115166802241,11.511841063209568,39.97449192374022,0.8008224628340062,0.6554913327912243,SB
0.7612447506314446,2.422386396714207,37.05764646795153,3.50157368347875,2.835654771350659,C
-1.1239202221336102,1.5629483146307988,28.630923352498968,0.9552260444100475,0.7778963302475904,SB
0.0149192251073253,255.0,28.59710923164504,0.5522549339589884,0.4426325271381967,SB
-0.788365954150924,1.9571322573618983,31.820329926413876,3.4424896637301017,2.821178859939236,A
-0.4288084814418351,10.735339744473784,36.0475351428836,2.398554405939552,0.0,A
-0.7343958977966457,7.530251718966954,34.8830893699478,3.5270678923189793,2.830885669392032,A
-0.1111626573709332,45.89462263366131,33.40548885431707,1.7994745555704943,1.4420290029084233,SB
-1.4293909678021794,0.0893609197957037,31.501674732290564,2.045718885638809,1.6373460035338134,SB
-0.1647277823711323,30.55075513829933,31.2195454912406,2.567213821671559,2.0632675706679864,A
0.8637170605972816,3.360708749358946,37.40499317251584,3.3589061522831285,2.725479256094512,C
-0.3126277438083657,22.402640881534595,34.78204769243035,4.470789608854135,3.622298428897728,A
0.6071084908493483,7.899158878398971,34.16369879330327,2.5800429076557294,2.077531352994544,C
0.5700807688519042,13.590543351619784,39.04986673607721,2.7798841104128984,2.2396760475902138,C
-0.2941502507993614,13.269488911332129,30.580618478746317,2.5452016648928826,2.050661628786042,A
-1.427715011889461,0.7927568392309591,31.94913135358125,0.0,1.8133383261112708,A
-1.8586997112454904,2.3749639485898695,35.522079094631806,0.0,0.6321612844037167,SB
-0.6812185403693947,5.2736421080150615,30.377413535371424,3.757536167174797,3.0292734209598935,A
0.2191084070468118,6.858148325920465,31.45083991311667,255.0,2.567164017072286,C
-0.0103345031247005,49.68490766131115,29.24477265875541,1.2234882572304218,0.9877077098122976,SB
-0.5484093495485103,12.306821354902674,34.893209092541056,3.940454692797885,3.2000790503222554,A
0.4492727384192479,6.486408215309388,40.0539724028304,3.5739224009474913,2.891239129328145,C
-0.0103345031247005,3.9578649502589474,41.950208385195275,2.0117436228549215,1.6224319807947318,SB
1.918365378758748,1.1247236398952332,47.47912598874789,1.7887814023756288,1.4543753450922725,SB
0.9105902455847192,7.318190764749735,39.910632843004755,2.619809098987558,2.140819116245973,C
0.0654506212356176,124.10629088706656,31.23526825868463,1.926980316342888,1.5756271295289628,SB
-0.4801452766704365,14.301016815934853,31.88212140305659,1.5026204956974472,1.230248200211506,SB
-0.6916867841020853,9.30202177472451,32.65348152689808,0.5964616241309789,0.4781472054784376,SB
-1.77581510309829,4.30327244773559,34.25166406692838,2.3410619320777655,1.9149960783418576,A
1.6652206991309826,2.5510052430238455,44.785807886255014,1.991395361114592,1.629085426961657,SB
-0.7437517820636224,5.234588715141182,34.235646463273795,3.258630796693684,2.641701450029651,A
1.2976730617401364,4.928830202680483,43.08888121164993,2.7618963850349005,2.214007086843266,C
0.9311207314296096,7.420373138190074,44.6150547117348,0.3960177079348564,0.3227239838181938,SB
0.9308419646088056,6.5127099047983785,36.80788077360903,3.027873190048277,2.433705804193102,C
0.349459419143551,19.51463704179184,39.696059978733594,1.6604474250994266,1.34463947447858,SB
-0.2478358985952653,11.498667031827832,32.53077544253763,1.0124713850858238,0.8118368881330462,SB
1.9849858629718509,2.4040798462815194,48.57999494438801,1.584762057115742,1.277239881521535,SB
1.68686827480779,1.4598680973288811,50.20235581830603,2.4222167629406655,1.9559296928698449,C
-0.974294488672026,9.688424199017096,36.668284342603386,0.0053978468222628,0.0043691256912424,SB
0.0499730364844609,130.40278989621874,36.333368159386026,0.8537608527754506,0.6836440047061018,SB
0.3785224328641072,8.16989608240553,35.81436620355599,1.9829677016585567,1.6697393770375202,SB
-1.0881893014678807,6.706746726829543,31.190837025681848,2.8337922546255085,2.2796230548073373,A
-0.4440622619717499,4.183447344864451,35.12547535407346,4.368804335713318,3.566072620221033,A
0.9213981685109008,9.477685230682717,37.63889687421704,3.2925983314492693,2.6610375479499933,C
0.4032471010761234,3.9550220585387055,36.66428600914127,0.7643009194760758,0.6168641977210219,SB
1.140945833812905,1.8030160272483664,34.78204769243035,2.628351318300062,2.106582301946215,C
0.7163979524037666,7.424381243835203,40.43060994345025,0.0,1.322910248718449,SB
-1.453242266269266,3.3649593146516144,36.042485671444595,0.0,2.079845910867284,A
1.1832908611309343,2.936061671084474,43.99651052937819,2.810249745107555,2.282251209870054,C
1.044301122550236,9.50025566379763,42.647829272720415,2.874269427648484,2.3350744966928194,C
-1.360910751144687,6.636338350235719,30.18278758828429,0.1292480738685146,0.1054674143999857,SB
-0.0378303583900391,199.85071166509692,34.55935039237405,0.0463089253463804,0.0371808305044841,SB
0.8215920918023933,8.719604797222944,36.92648695821213,3.4670896671422233,1.6697393770375202,SB
0.5312035134705457,15.312271982813876,38.42046630811416,1.6181045462839292,1.3267053190926443,SB
0.6917831141629306,6.858148325920465,34.344864046378554,2.2685834557734035,1.8173890709399871,C
-0.3168399333156174,27.2917220926121,35.03449430655347,2.228746339069412,1.8246039188547631,A
0.929647158724326,0.170623581497941,41.31842626537516,1.8999028580059447,1.5521995464767535,SB
0.6796178045811062,8.445341151275581,40.38230466381714,2.514991100532258,2.0162941454885943,C
1.0918446603715046,9.075680842702116,42.763579264993,2.569381411714514,2.0605619722973505,C
0.1035840926192905,9.679322739527036,32.52285489904047,0.6817275035265391,0.5481216534310991,SB
-0.1574107418625971,5.736938366131886,32.02799865896646,0.0,2.392708972307334,A
-0.8538166370641211,7.1800190654339024,33.86026057761448,0.0,0.6740817932616776,SB
0.8715910060093166,10.223208181140889,44.04518729061945,3.122120230975086,2.508102374882486,C
-0.0558962198868514,160.2069696001962,32.502153338128785,0.8582733107124108,0.6867254640296345,SB
-0.8264006618574549,8.782062421990963,31.36449175371709,3.4043148626816935,2.7901236936924643,A
-0.8770514240720664,9.238374910475493,28.34785424171086,2.3578753322958694,1.927473711550016,A
0.382551065744222,21.572230314483072,32.996840353340716,3.2461004454355167,2.6094531263349765,C
0.63464236342265,11.458349473557377,34.78204769243035,2.00891042568168,3.171471456158963,C
0.5065555923864171,2.842573777596597,35.885965355839595,4.181711185278876,3.3903337368301925,C
-0.7088313690892954,0.873478673247971,29.854133304534884,1.374968226211333,1.1265891355485556,SB
-1.295779119006896,2.5666643607455932,33.84146528364473,2.777818998069798,2.262651480825121,A
0.0188937435026025,92.25131444280902,34.78204769243035,0.2338950508655615,0.1902448345330026,SB
-0.785142316417059,9.653285825089055,30.086637734985818,2.204469426026841,1.793690956749455,A
-0.2003232015227729,47.90309938804884,31.710501040731256,3.627465892525512,2.9186725205407096,A
-1.120549932922974,4.8654111113026985,34.2369328532011,0.6181245269321364,0.4973675960291213,SB
1.5705186022804962,1.5782694420600856,45.83801640663334,1.7406854211333571,1.4075148147161252,SB
1.6837925981641255,2.832780642925249,52.140310187335885,2.20096583909314,1.7749181123775155,SB
0.344354342524434,7.2603737859158,36.45596675290474,2.877936668209847,2.3318295490317955,C
-0.5981836275393806,5.201863021476385,27.43518876525527,3.354346324210916,2.6963980181244223,A
-0.684351381366846,9.27019331614009,35.28498277121827,2.1282579172983103,1.733624533471067,SB
1.6324082570877885,0.0418051312457395,48.398259468914546,1.6051671634336315,1.3028481961718308,SB
-1.18323385613324,3.1669516560495814,31.45432352912683,2.083583432845298,1.6857603162405252,SB
0.867801893940844,2.8443137084218515,39.00177730501498,2.6797179612865234,2.18265881702251,C
-1.1646315607627495,4.471522155739426,31.79834540034933,2.46273215732449,2.005208751369264,A
-0.719852811367705,9.326637750754635,28.804651193779826,1.8282879615700007,1.4638071587080772,SB
-0.560813719279563,3.409906508882844,29.114630924684548,4.217019797531207,255.0,A
0.872330803000495,7.776505538700906,44.1879719680576,3.140511411288116,2.516322953937818,C
0.0004826120569765,255.0,29.27192195200766,0.0868463189883579,0.0705107855069264,SB
0.2273079252579767,31.023254684851093,38.1512582514432,3.5095977785110275,2.8341330440004566,C
0.3256387024446163,17.448162432110692,40.0856696930751,3.0871943404045172,0.0,SB
-0.6910257204224766,1.610897882497326,33.009986043027055,2.4058222413716206,1.955900355789519,A
0.6749009232851199,10.069615524835118,34.03929477669932,0.0,3.0354851669129466,C
0.2570335902932396,1.590597982505,32.915871852776505,0.0,3.3871909961749744,C
-0.9988187279581328,3.499830247840899,35.724753360400506,1.718546188607633,1.4003651209572905,SB
-1.2488517613025054,6.4045070456142215,27.396568623963855,0.2793307478779099,0.2289490388192928,SB
-0.0103345031247005,9.578252249067424,29.71244328815943,0.8562973242732703,0.6869446412569762,SB
1.210003399232258,1.4889080751807071,40.21929823982525,2.7882070990095023,2.2313656928081733,C
-0.5870997848675391,8.994752819190508,29.60449177240943,0.9962950900644324,0.8167242907464898,SB
-2.2492464543529493,1.1054904739049765,33.24541116055501,0.0,1.2646306574568873,SB
0.3850499793719534,0.1320705104004543,38.424678258871744,0.0,2.5785830606742137,C
1.8200824220742275,4.066710578168277,47.017547001059015,1.1606588149540085,0.9369111778780304,SB
0.1432175611965617,52.771067182209734,34.35349848967008,2.3378965571991324,1.8742309591175317,C
1.0805713108538002,2.588543854925045,41.15157310042257,0.1787469311403708,0.1453961693305333,SB
0.9496473493802002,1.8182727315093683,40.51139595975032,3.0455062245728017,2.458487401561506,C
-0.0649787230407336,135.23934635332333,30.81256748929888,0.0724928655811016,0.0583020636316917,SB
1.2290466381894267,4.701514806897085,47.116269326998456,0.7187409432660322,0.5879890381948247,SB
0.0134269785083243,255.0,29.4324099082237,0.5122834912060145,0.4101454233448634,SB
-1.7641969945711622,3.241970663441939,35.91810869955261,0.8627760696692114,0.6970023686445697,SB
0.2953455225791276,4.988099586336191,36.839002273004546,1.5277974975024835,1.225853660569568,SB
-0.3065153799201972,1.2472215121047123,33.639934864207795,1.5809735022212783,1.2738610132804271,SB
-0.3269637915400493,19.23214896509661,34.779318451909624,3.437024467743192,2.7650410968024763,A
1.7610263683592573,0.0954790552615224,47.063771714569896,1.2164925863787843,0.9791599085327238,SB
-0.1247601633472004,47.22893378701575,30.82195793083313,0.494629156701401,0.4038381659264113,SB
-1.415174381000389,1.1107209977124368,34.43817591035218,1.5435987290061255,1.2444560962288893,SB
-3.144648188155408,1.9661828880118963,31.252504161447085,0.7961939991640402,0.6453643929512171,SB
0.4159894603266335,3.4022052735350994,39.64323488931805,3.5646842990899397,2.8917971105643687,C
1.5878783287829563,1.7645138477079971,44.715104637570064,1.921918495741876,1.5756314479249445,SB
-0.4007871180616801,19.251518079954153,36.90367688401328,4.658017577941445,3.798753974843741,A
0.5735514118712033,7.49033145052599,40.45095505607792,0.5692870312015536,0.4579071738868664,SB
-1.4147615319939864,6.081666769623012,34.29553746752758,2.6586114957312357,2.1385950115795227,A
0.0058219671875466,6.7426550472388325,33.390408018211524,0.097718402989266,0.0787839557155503,SB
0.5281626930933676,2.652819676470122,36.66980734509182,3.951673268037689,3.206012173310272,C
-0.971103452607113,0.4318641341789563,36.57617371755268,2.8069533125412427,2.2882798250775385,A
0.7347207890112429,9.882606450019432,39.56844148586539,1.791073558942074,1.466789123509499,SB
-1.359341793027811,4.327973180341696,35.625139142297115,2.3604246551732104,1.907110068393175,A
-0.4412746615260486,5.271247148101834,32.57895214557911,2.5565570662996593,2.058428916302789,A
-1.3025009317808869,3.428741702939279,29.900652890373237,0.1517398342766482,0.1240971207450431,SB
0.5688940703919741,7.641037350376459,34.238924865299076,0.8613321605837143,0.7034877342065742,SB
0.7985936396048752,6.858148325920465,34.78204769243035,3.5249155965792465,2.880145273207097,C
0.7476769852243019,3.4403381448029364,38.20660871089941,3.3885774169554255,2.7630831406885874,C
-1.2436692235080988,2.9614036734310782,33.86776325025787,2.6099772104797436,2.1110420890354757,A
0.0222721447193384,255.0,36.69790610816159,0.8369581481321745,0.6850583367466332,SB
0.8239808520435752,6.764700934800977,41.94300093104496,2.6336436823477927,2.1248565703865423,C
-0.648127336482857,12.214877232584502,32.70735558852466,3.3299763540335547,2.666609359481271,A
0.7500133391408531,1.621103695007305,42.699745353618454,0.0,2.401713535309922,C
2.245623356548283,0.7857936695649365,55.56603691643873,0.0,0.3060930876681648,SB
-0.0558483720298439,22.9570988661806,27.775918153858346,255.0,0.3972861475383052,SB
0.2186015449996033,7.203465260942905,36.9166427889713,0.2819180096358683,0.2293571391009515,SB
-1.7424098739311602,2.9777584799481875,35.1033068426542,2.388774143327897,1.950465481711866,A
-0.383614939392482,9.802087915083009,31.21962575459469,0.0758069036260458,0.0610160587794974,SB
1.8328357805489943,3.4363258756631967,47.402354710915226,0.6408451931382436,0.5146326137751577,SB
0.9073621014611032,3.307083807962694,38.87338150122821,2.083891657386836,1.6783101899725896,SB
0.6398259467403239,9.871507677378588,37.98520945743423,2.00891042568168,1.3497234697242997,SB
0.1889322908910756,48.92943094188049,31.768619482226526,1.8685320756413055,1.5226852158682749,SB
-0.4355671214275733,0.6276907332618265,32.64780467128818,4.467914088517161,3.597011762138404,A
1.3290955258643364,5.533079609165681,48.9138525902615,2.722829043950538,2.2088299372428075,C
0.6032142774453898,4.0733542643222895,39.941289502950475,2.148476426903289,1.747400637480194,SB
1.1786562527948017,6.560815674733273,43.67127428164013,0.9288378137706172,0.7562763729681199,SB
0.8328863317154817,8.399016473275132,37.69613485571861,2.649165820124618,2.1652353127381136,C
0.8736929042643982,11.34566230609147,38.67044804118818,0.559455017773049,0.4514838253867442,SB
0.6004742370795145,4.200267296656347,38.42217694863529,2.610320363478708,2.104349234800452,C
1.0053226151905634,9.93670897375094,38.71607265659163,1.0531884605963375,0.8616182523248892,SB
2.252749493543845,3.9584961984324982,58.01271047470039,0.9529417345549795,0.77318224485405,SB
-0.8727449134964556,4.980232029438486,32.08188783524185,3.1424031730014157,2.5361021431413153,A
-0.8072083897977139,5.679206826459977,32.826916893579806,3.4981295792646345,2.8259749520175412,A
-0.0180629601484812,32.22894470484624,27.654784041462236,0.2219602046845136,0.1811020692204151,SB
-0.0199318844326152,255.0,34.78204769243035,0.4224446578829523,0.3451386396833005,SB
0.3484204357571514,7.358020415616384,37.93752254728608,2.00891042568168,3.0857785340966664,C
0.7716447343410775,6.182995805773997,42.125667174264706,255.0,2.5545130568436334,C
-0.015337700577219,244.82771953694984,30.614203451126706,0.5069964409643006,0.4132209666287442,SB
-0.4793669503007247,15.9853690577406,27.47285577522839,3.9195259057628262,3.1743834165198748,A
-2.778201871877219,1.423767682529759,27.383397844489295,1.3913745902037715,1.1283931336334028,SB
-0.64513000875266,4.342393717269754,36.33873879488682,3.806048222882744,3.0493900587899057,A
-0.3512857241490901,6.573364276745603,33.536443357241865,3.175640796621538,2.550706781107023,A
-0.0382422873011076,145.46489976159464,32.15224397928507,0.6936192372793762,0.5571122015630613,SB
-0.0819855073305511,120.00735699491447,34.78204769243035,0.8709198836138413,0.712483328227772,SB
0.6778466740150861,1.5042534199744029,37.31864689539014,1.426296926452853,1.1573522447932036,SB
0.7129799961967862,1.1930301450693992,34.66842268387048,2.7587411892517046,2.2578960567127724,C
-0.3064866853883329,14.942295294444026,31.44451142595491,1.520978948069824,1.2413876917590216,SB
-0.9875064077255684,7.245791378961825,33.553381716774915,3.0594256729183757,2.4738576545540214,A
-0.0119176678281688,197.32622021825296,31.642182075400605,0.6592139260313913,0.5351638117856498,SB
-0.9246434968361714,8.976004815778461,31.313941469362415,3.059958062023029,2.5015134908675085,A
-0.8172680026533307,11.429743864540905,33.07872493847851,3.4679543959399584,2.819390270204207,A
-0.8072519371130438,0.4342443281616974,35.78778308970359,255.0,2.5050935378276944,A
-0.1635409271044427,31.651938792572267,27.360591789873645,2.5483517195570973,2.075902356580055,A
0.9659954858096274,4.047064328109797,44.99716720498706,0.0,1.937002312346339,C
-0.9588716843024035,4.500785592724625,36.008228602902165,0.0,1.066731514555354,SB
-1.4733551483203888,2.3418320020640775,33.258695650699444,1.3217223606280966,1.0716527477207485,SB
0.9093119182902728,4.985425739674743,43.125377792000926,2.7984395474038175,2.263197138873555,C
-1.2834157750079451,0.0428292561231879,30.94705569887384,2.4773420783224847,1.999315644862248,A
0.4625743243466415,18.548783417593945,40.3008726864901,4.387467965947495,3.5648776765609447,C
1.644285808343886,1.7642142721288536,50.54086031693995,0.8845224138434311,0.7242561744637328,SB
0.1102231861340558,67.72955894313779,30.724530555348544,1.2929937403331464,1.0346556939838707,SB
-0.3347042491503982,24.615602804293584,33.7150272673715,4.345116367790206,3.5550216373293213,A
-1.4450371278778764,0.4953151394498469,36.56922400463597,1.5797600021065143,1.2936623563983116,SB
0.1562427952737042,15.540598339569444,32.68900173609664,0.6145491703381002,0.5001012620523247,SB
-0.828762009578653,3.473670936544573,33.9639523024267,2.5681977460117995,2.0721825400777316,A
-0.0801479771415828,38.581897251258475,28.080363816499204,1.3542978822298144,1.099470415130829,SB
0.425115986780477,10.478096826181837,33.0676337360203,0.0856188631480912,0.069919251043433,SB
0.1260575652260387,52.88567986457294,30.22647242907145,0.0121833904070831,0.009882872695592,SB
1.2574098238711091,7.922476933075656,43.21797955001728,0.3849662097071785,0.3083882937939315,SB
0.3216311034014541,6.446179797887884,31.676888655283665,2.9350174763023964,2.3694879897201524,C
-0.2949953646821773,23.0724381810761,34.78204769243035,0.4571096012454404,0.3686743074959162,SB
-0.5503971009259524,0.3562802869087619,35.03590243151927,3.6298489125186344,2.959566128332472,A
0.0811442567407701,42.11228099606806,37.55869527729949,2.3777744941530576,1.9330176667882293,C
0.1144650012761634,3.1707914446906535,38.10976674822189,3.00716193647839,2.432122473325602,C
0.3536638472724964,25.093921079412915,31.336241752678134,1.204400737957204,0.9739489518175136,SB
0.6675083362156851,1.6183241572340223,35.03195284230727,0.3800177470701358,0.3086949395803959,SB
-0.9760079663281724,7.855106419665692,36.14699505561783,2.00891042568168,1.8904283803417847,A
-0.3332209574278469,7.998135980134515,33.07252349271851,4.1924790682753015,3.4015082055105363,A
0.2955300471469437,10.39507064808264,38.8885112644125,2.052403521427087,1.6449549908753114,SB
1.0259111968012868,8.82784704174298,44.769684477546534,3.1218182518717574,2.5291132564040293,C
-0.0190852961979792,255.0,28.44381930484985,0.156382899023827,1.6697393770375202,SB
-0.3326619704124536,23.544307287176977,30.64290193304308,1.0833194828961084,0.8708672077600281,SB
1.0748537074739792,1.5798658949235034,38.7074087294848,2.4287846864620484,1.9584519963933549,C
1.9544686060259933,0.6227524614304725,53.7235675424327,2.1297123012704966,1.7092360375410294,SB
-0.4437914841333234,4.039426676947757,34.579102586528556,1.2554091940540248,1.0227337416114428,SB
0.8219665502002915,9.110392120631069,35.95902961539674,3.371973749061771,2.702430376883094,C
-0.1530780312477629,54.8264585131215,28.269443964469808,3.578833556521175,2.872280096437915,A
1.7826291103544296,0.6662076515221358,47.856188878198736,1.7870578470209364,1.4480534929347435,SB
1.499842085100935,1.5847303320212864,48.43711516588575,2.2372122345278864,1.8189597293989423,C
-1.4881350676583691,2.20570352723311,27.089071612987148,2.1420878303668576,1.724273425161184,SB
-0.8360640616862635,7.680245023788765,27.389045398806676,2.73514502399911,2.1935648956571407,A
-0.0296896032310103,255.0,29.444944113134763,0.4376541133529683,0.353012095129919,SB
-1.197376142569029,7.779835511508672,29.985598672035923,1.7614965102483269,1.409385908703746,SB
-0.0874367170081661,70.78683585233222,27.59364293846962,0.8452190514034956,0.6853591272517484,SB
-0.6507347175642686,9.177241112553958,27.659307463699253,3.5902032754545443,2.873638484961105,A
0.0775155782606716,50.97756400342164,30.674280994055632,2.3010690142434,1.8648087570742,C
0.2591648584504795,28.470249964185285,35.38242797929168,2.0854331030303577,1.6750201896526022,SB
-1.1358877599889443,5.876447098177683,35.08015282490801,0.4239974094980371,0.3413897238680252,SB
0.1404251320515574,25.807660229594816,30.850534618640214,2.582369891365145,2.097106067623388,C
-1.1016366863551277,6.862529928101046,27.146187929170015,0.5250310248562564,0.4226310764440895,SB
-1.6899105284310325,1.4549974263396446,36.752216385701885,1.7230803044144565,1.4045434434341555,SB
-0.5110945106081967,6.5335335647237045,32.79596089407897,4.36806456690587,3.562495635292139,A
0.325517353620064,13.679044509960011,38.85869894881195,0.4178258952170492,0.3354436581052131,SB
0.5470989353607079,8.693187472325754,39.74597372696184,3.639360923954952,2.954845010216688,C
-1.5335739928419712,6.385944154213146,34.80176349502897,2.053317356835098,1.6710649396228223,SB
-0.297273075313989,0.6798025163699437,28.292172974354017,4.010770966453795,3.2160010961379677,A
2.2893658171953417,3.8562195698513624,51.642095042993255,1.924792491895068,1.5766842654031343,SB
-0.4761340659690199,6.858148325920465,34.617664868153454,0.6776880365220276,0.5445751492728489,SB
-0.9941476024447002,9.484475792517578,33.62283512288984,3.1064707100807603,2.534758240368365,A
1.1954418607923991,7.7486678947680545,43.10041011401856,2.830239641960457,2.2776894134828822,C
-0.1424545880732088,27.133736145630387,28.202251930277033,0.2562244890699664,0.205839377345661,SB
-1.0587752684495118,3.895825469682347,30.57038046792399,0.2279303997125557,0.1852722353989296,SB
-0.0572993549419436,156.56101290859206,34.096054310952766,0.7184724868847077,1.6697393770375202,SB
1.1734325347936312,6.858148325920465,40.47299629682608,2.4460450103803626,1.9642743101121745,C
-0.0750865723615963,50.842575498411705,31.74493228035761,1.530543979597507,1.6697393770375202,SB
-0.4359459391593629,18.525975646650664,29.42156914021343,2.803632543843751,2.277841893526834,A
-0.7378423418955398,2.4038431946101135,30.573122794936346,3.3085066540406127,2.699087521394907,A
0.1631614240233079,21.73777298329201,37.74692642027179,3.1599330459724233,2.580560284672976,C
0.3337634506820222,23.61997331645732,35.79164955999336,1.5805261022540336,1.287294599452638,SB
-0.0208422079387502,206.761063473052,32.90342809552862,0.9301605953655596,0.7564731207535207,SB
0.7015728318721759,9.545431641230646,38.5819603827479,3.1177176552504555,2.5389775132817163,C
0.2514913943375995,26.60353667447384,37.883728075081734,3.7709341436096793,3.031537064825277,C
1.198388659072698,7.395007561216247,42.24803796499787,2.8782742809872457,2.3429291530635346,C
-0.4017693079939165,8.506230193215405,33.64309003040839,1.2804205985186132,1.0401752678540088,SB
0.4222418369371332,9.2532959956345,31.724214338895173,0.2437655113995968,0.1950538339728968,SB
0.1291679875842502,52.666530685967565,28.81236770545289,2.415102128506992,1.9703011400324555,C
-1.3124132735233558,2.3641286498056355,33.91943932713579,1.2043602659891497,0.9782707211913682,SB
2.18626689610398,3.2799938401426876,57.092258492293894,1.990894951036044,1.5977412947683052,SB
1.5592087469434135,3.60801272267377,45.304365967487534,1.592807697773554,1.2784199115179358,SB
-0.2856198135885965,2.6983632914841675,36.35832235436262,3.409753738028314,2.744007505815294,A
-0.1365758066188264,66.11530225112465,34.453218014676125,2.400148030234923,1.9537347716172797,B
1.770324834767831,0.0801630106622328,47.03911818409153,2.227139291675892,1.7956565402392677,C
0.1934574365068791,17.82944072602188,36.897457900674524,2.525527066259478,2.033033375776938,C
-1.3406718180514996,2.6674430763510975,33.43530541105551,1.2230643500361318,0.9807517267859486,SB
-0.7051146782187777,11.914557449904525,29.70430991777758,255.0,3.0284774892919124,A
-0.0914270769470351,21.461784220899776,27.066977957333123,1.926888354149687,1.5678397453165482,SB
0.805604292851625,10.265513081040051,37.46514993235057,2.8162855004921092,1.6697393770375202,SB
1.4338007319036186,3.856863265898734,46.458362067635015,2.198595775208472,1.800471577023224,C
0.073735931316673,7.778924811595865,35.67550656863933,0.0,1.0122303272545934,SB
-1.0931607985687637,3.438522853164757,28.873278840095796,0.0,0.0584828400039532,SB
2.758308192002032,2.1177465794622865,62.49701956315064,1.1735437508735242,0.957879529888112,SB
-1.1140779668825642,6.795746910618479,36.10709208615803,2.00891042568168,1.0975065426090422,SB
1.8633589348148585,4.6405731350495225,52.978523214691805,1.8014808061667724,1.4579794243180997,SB
-0.409599482756506,4.681454746179727,28.759001500880924,3.9385649151972255,3.1560361655140965,A
0.1666301309634969,57.610811349751394,29.967229013098404,0.4790218847282199,0.3897347860646788,SB
1.724379837610871,3.9160006659246074,53.55297896190568,1.8373457262753576,1.4834308431633805,SB
1.1401516604354356,7.486351094004,43.70366021493834,1.9199842161010503,1.5406956767144226,SB
-0.3457027870544193,23.88302023703244,27.67406430396265,1.8216021670163107,1.463311836584263,SB
-0.071484536839385,36.57077899576384,33.86754127508671,2.1504362607087315,1.7544501362033116,SB
-1.701849793672563,5.582209879759587,27.076980044309657,2.2409397876983044,1.8055072512731092,A
1.050429573540713,3.164482563201631,41.85338784354968,1.1231743309942916,0.9131564211758468,SB
-1.130469023496896,2.0881891810515785,30.86075481066875,0.4650432629811137,0.3802393648519329,SB
0.3567437480746913,0.341246148870459,35.503219464534894,0.984607739811736,0.8018788697987731,SB
-0.6477684877398164,0.9453620799609204,32.014937531859175,2.505628637333465,2.008240376361605,A
-0.1460646615857446,53.15171460348845,28.91301374464022,0.3382732934121418,0.2716349107200987,SB
0.5215162599816424,0.0516872319870261,37.34416017318474,3.256333917034429,2.669469989765521,C
0.7444057314236743,12.71709026704406,41.47526239243912,3.525733846292701,2.837087849618302,C
0.1064245416340581,82.0374873670916,36.602384356362734,0.4414149185025756,0.3549597694623586,SB
1.1261223712291415,4.231009247383035,46.84839060420939,0.1255309522324695,0.1009378671730418,SB
0.1858002753852315,38.0231253512918,33.61463756709761,1.526391085051669,1.2449091113432684,SB
-1.1722329591047174,5.589544329090091,31.524818176523674,2.306170183082048,1.8621497131215152,A
0.5859772926188662,6.8412888085908525,38.13582880576372,4.127029926653537,1.6697393770375202,SB
0.1215137992267863,73.52117077619815,38.16422126554873,1.8478995994670333,1.5098178349678546,SB
2.1648002505882555,0.3548065003157695,57.94808282644261,1.2147293505209655,0.984959787292894,SB
0.3688382356407323,10.382276556811888,38.4145385187099,4.497562000255942,3.619355721488459,C
0.7000358078776836,8.228978822337728,41.57253392275555,3.7385437574919056,3.036616085721439,C
0.6053482002699375,0.7030725689037769,33.353108746801865,4.033619031164273,3.2600950052561872,C
-1.69478346762703,0.957960824016011,30.09805249779217,2.418288451231904,1.9555863829534692,A
0.7220281165107816,9.01079885591771,39.15415745448612,3.1051236732267053,2.528964059824029,C
2.0454488247864218,4.3369220256113845,34.78204769243035,255.0,0.6487780728515068,SB
0.7954857265772601,8.368235240886522,35.636783204792486,3.0139541687123277,2.4665991259134024,C
0.7288069992446778,11.30405211892251,43.883819636205374,3.6385785808064264,2.9308135533186292,C
-0.9632563613688968,9.840549360370217,35.945516903341726,2.7139351888922008,2.2008565448395756,A
0.2703665455776602,32.9211025532768,39.226236280593305,4.165391979789201,3.3903724803509943,C
-0.3450772212397399,26.283563479614244,28.62323757721957,3.586765197887675,2.870126485197871,A
0.2316438800185186,15.258551981460528,32.939706920834716,1.006385260043018,0.8166086821246845,SB
0.7434062550307816,9.281888423326537,34.78204769243035,2.9444739974684584,2.3944287748161432,C
0.6985729623583616,8.169001236355845,42.744511529060965,3.727940682660616,3.0252451455780616,C
1.4191345088934957,1.782990756129588,48.95911958182832,1.9923216362027063,1.6076732502802766,SB
1.2373783726792171,1.7296737248719865,48.49270993654282,255.0,0.0754555907236401,SB
2.9261371517197383,2.2201528949138964,57.03242868330605,1.333983494508933,1.079164521469126,SB
0.4970427721059164,19.68071042359612,32.551490914337876,3.31271495846379,2.684360268024524,C
1.5406843849041807,2.1880757977808933,50.622469240806474,2.00891042568168,1.276613380685976,SB
-1.34352941271361,0.7190957300387346,32.435781982708235,0.0,2.2329637933145987,A
-0.5506179906452829,14.36909219833236,27.355780971943393,4.258967528839814,3.4369583334146574,A
0.2077442768354867,42.96882256769742,34.064406566054366,3.3192516092336275,2.700818123321038,C
2.439511984334504,0.5458767611752072,57.305394274816365,0.0254377731951935,0.0205655346572567,SB
0.1071581392228429,27.016676072242586,30.89331702084764,2.635038308605055,2.156910050512323,C
-1.1000688014566369,6.435354459305308,30.068268112246994,3.0120503896713777,2.4281747073587496,A
0.6462488438711862,11.067853323353509,34.22991105612399,3.834564773169603,3.1019631691165364,C
-0.0374371018384497,199.46457322646324,33.1950258517999,0.8583131477448388,0.696006195522475,SB
-1.9521720662895936,4.1509042633388145,32.63671940838606,2.1402583818483176,1.7347019042513432,SB
-1.8235230891414955,1.9538607679414668,34.88361638904746,0.0,0.6930838199457033,SB
1.4269165597314155,4.764652740126369,44.41378388828221,0.0,0.7562483286256595,SB
-0.7795076456830574,10.726121028054076,28.612658433139828,1.964828245520146,1.575594570090793,SB
0.1390718585260177,40.51930032201028,36.825892493458674,0.5114944071375488,0.4139743065407384,SB
0.535354799450486,5.584049513824474,38.133432314304606,0.0,3.483694701668413,C
1.496038450559779,5.45993049001228,45.13724834314962,0.0,0.1240787156445054,SB
-0.8731111271506985,5.5452066383619165,31.59336873131228,1.9129970472969904,1.5637259577321254,SB
-0.1390448991513752,9.512891803612964,34.335286066509596,2.7090282012357285,2.179243800934887,A
0.0148944686704431,212.9968839399601,27.456996752329076,0.6971658572895324,0.5588660089165264,SB
-1.8567377199569297,0.0949482217435395,33.4728274438595,1.9473185617330009,1.5936433050614582,SB
-0.0321104862807488,149.79573396160603,30.177648767547353,0.7215774487368457,0.5816026901142859,SB
-1.7602808571869264,5.568065156511146,36.29165907661266,0.9176578651051666,0.7405725542096757,SB
1.0124317657762871,7.2642820655553155,44.585272692068976,2.00891042568168,0.6659258225276047,SB
1.3628957234645964,2.90073947151638,48.81543528621905,0.3544891200449641,0.2843068082946179,SB
-1.061160369937038,2.780160418002996,30.57355030239456,2.584396483195812,2.1183978653541597,A
2.1361349565463024,1.6475990827401057,55.53400560840508,1.8218638041557569,1.4621553193059569,SB
1.094709188647388,3.9400510889093767,44.84940032067711,2.621310450402772,2.1028693134087892,C
1.1866981077303902,3.76384582769178,47.84140387401182,2.809259695138448,2.2703963267618437,C
-0.6471420611592895,14.872362060183413,35.57775191947754,3.8280241177636274,3.0835460890722426,A
2.0152398248006667,2.883007888545273,51.155703577235045,1.3179235845889212,1.064124784154742,SB
-0.5651206124535844,16.20825004349071,27.602025915636823,4.202421546956802,3.407880487504323,A
-0.7279068337064769,2.3308793000351535,29.26623227648067,3.644756402221984,2.9325699089191333,A
0.134646567019504,51.77646755436693,31.502610997702316,0.8599407815101787,0.688069938811608,SB
0.0659206158836735,119.03129943600786,28.16058908173827,2.097231614406224,1.7018459377173851,SB
0.42509482919477,13.640548659986107,39.262083669292,2.615559478645964,2.122784460041415,C
0.9428908308603215,4.663057514253563,40.10822576539136,1.0103555184029134,0.8145829183412338,SB
-0.4533854303272332,18.18939723994753,34.94032817708807,4.104819701797264,3.3564515929386527,A
0.7769825787826741,9.90555873422691,41.69287218307866,3.586979586807954,2.8994893403243207,C
0.4501123392133135,2.2475008307777657,32.88254565442063,4.060395015773785,3.268677301494454,C
0.1623825529098221,5.943471613906167,34.574369462434476,3.197286940380828,2.6052158585368264,C
0.997479608278528,7.219831157255797,44.75026482622883,1.5875000986895007,1.2912812245890908,SB
0.6215795749131034,9.544178132539043,36.583593925946744,2.287273398756851,1.874885110571056,C
-0.6256211601129597,5.634771129420356,32.35476735441457,3.555567629679471,2.8839756356434285,A
0.3218013322964802,21.37418563826509,30.726080447342213,3.660132449159279,2.950583760166999,C
0.48922234563494,11.559720823663742,39.59608497481255,0.0,0.5592191722720155,SB
-0.3905944173844978,16.240682817264037,34.75171290023291,0.0,1.6033117533893368,SB
-0.9622947443223484,1.3448515108089711,30.54956272267391,2.00891042568168,2.425051677699657,A
0.3553897761420668,22.73980018235833,37.50256820548155,2.2347835108364897,1.798397364384667,C
0.7054064343051571,2.238806608438052,40.06203996543602,2.00891042568168,2.8712857573243697,C
0.0737527359782364,0.9267896456878332,28.61125049313056,1.2631436211322702,255.0,SB
1.1859847504265644,4.865232918852983,48.79554758818183,2.603042580663922,2.0985020292287553,C
-1.0671187254610597,3.6891054473076914,33.66052676712852,2.485014174960856,0.0,A
2.9510524108230403,1.15482968110331,64.21420529308851,1.7929130950948884,1.4434798175352936,SB
0.3828771628449595,25.083266602077995,34.342401925094656,2.2836341976240724,1.859776209943831,C
-1.0046508951373243,0.270012797840481,27.356477377001926,2.0822480587951455,1.6840755293731893,SB
-1.5867950342489667,1.3065867629225256,34.7004921602626,1.4205336244294515,1.149063449198374,SB
-0.7950312342548639,11.576999189034323,33.040417063788034,1.266108505860168,1.0156672832550275,SB
0.6083714335682786,10.018296040938743,37.20823983314849,0.6291115352962892,0.5083552231424022,SB
-1.7109335029954986,2.9405020875869594,31.92383969539565,0.8705196430453396,0.713802091684074,SB
-0.0103345031247005,7.511483645235202,36.575247699489594,0.998614637128892,1.6697393770375202,SB
0.2585319099690832,18.911353730915796,30.969055403246387,3.57043245060483,2.9153180630635127,C
-2.1096893683256046,0.4552391377723878,31.78729568552088,1.5523281228349417,1.2448260534966529,SB
-1.058119289590098,3.2707815958290745,33.139830520977355,3.054069734558193,2.449823151425005,A
1.100577812028937,4.974619566451039,41.05815422918543,3.0095643878527163,2.4376063955872507,C
1.0418545741435172,0.977281302394438,45.51374019284487,0.6519583678851861,0.5221572314163234,SB
0.5683142699997816,4.780584093820492,34.1551394850714,3.90513252704911,3.152769305093841,C
0.065720403142975,74.30125188233488,32.726891344933506,0.732765044230734,0.5960148102325552,SB
0.9855363730991682,5.23743441467437,39.78442615656627,1.4592403419692777,1.1848549580622294,SB
-0.3738497521438813,25.68846467235678,36.60955393490762,0.8681517817561601,0.7114652018289986,SB
0.6583021062726861,11.990344522140088,34.89688529755583,0.173792986527801,0.1409127396637478,SB
-1.5993976964808998,1.3420264485567603,35.854481913753446,0.2387618016104531,0.1910464366444308,SB
-1.42902923612197,3.755516115516462,31.867289974000393,2.234792017735816,1.81501351066703,A
0.8967351721352683,9.747647499829236,41.53140416165491,2.9252201736395085,2.3530156787614067,C
1.5470704940310454,3.1173306047660874,44.96244070294713,0.9941888636618708,0.8036338833888756,SB
-0.5487644025287939,11.315909667124012,32.17424405844363,2.438977942013038,1.9775386308214764,A
1.760389548681308,3.5836227513105863,45.82927083196286,0.112219723769037,0.0912114655757725,SB
-0.5279605744078485,3.424934421804281,27.66615560141346,2.4275164306568144,1.9700487019068411,A
1.1535954315195869,0.8103418103295358,47.0875151769357,1.8822959654612432,1.512845334636553,SB
2.3031299577009374,2.8181841608586953,58.699469060717576,1.3230498627774965,1.0722468371440097,SB
0.0506744977057356,180.6809588693237,35.28872192356273,1.1102713429326434,0.9071767273524656,SB
-0.6857256758500856,12.088257072987822,36.69417672670151,3.580234691442628,2.881812953015059,A
1.1019224711471052,6.9445430912113775,38.300110233167466,0.3403944059537759,0.2783953896670328,SB
1.142323961673532,4.358358555473348,40.1758425608707,0.7653571809036425,0.6257860202684683,SB
-0.9165077149305452,2.817496686860955,29.243965956906287,3.2410999823272815,2.6213801342873904,A
-0.0103345031247005,13.238912901017164,27.21520754686644,3.6079691014975017,2.927999476759531,C
2.093413306626162,0.8359248904060327,56.97198421067186,1.8456801793381727,1.4826818815334186,SB
-1.599924336189902,2.2178791002144984,32.386213911482926,2.4909080367430585,1.993934908441432,A
-0.0368830402666282,67.72237188841872,34.368903503299876,0.2184448652333299,0.1772160574263445,SB
-0.1954371349820167,9.426128361463054,32.68231511247411,3.55638911628174,2.858221015414618,A
-1.108691118473707,4.325049694953016,30.49628814954743,2.675589846302817,2.1595065382337504,A
0.252098808296345,11.881510963862311,38.081163297591914,4.2357297466694135,3.4143003761142703,C
-0.7266435063095149,11.208980482408156,35.32986053512529,3.2480520444750995,2.6633016283527904,A
1.079203357907115,7.634476954301483,41.51622085934924,2.889390023545151,2.3320492718457095,C
-0.9046575255274704,8.449604343352707,31.787891974365756,1.6351130609470583,1.3341024868169054,SB
1.4345854946177097,5.911757270605038,44.93497980734144,1.193718116298021,0.9675723110640712,SB
1.2254159944689955,5.391678215927714,45.107013699792695,0.9805679874569656,1.6697393770375202,SB
-0.7920061417127772,0.6942366797672825,32.2050126547435,2.4716287922761477,2.0045205333165765,A
0.4866556505192786,10.895475359949812,34.58186961378902,3.604816300348038,2.9234370904667744,C
-0.4781084716457072,8.622728602964164,36.64067640276439,2.809608095545428,2.2948148821173326,A
-2.3933340312378704,0.9678456798057096,31.14850002967306,2.0245659024303597,1.6591997400990286,SB
1.2379912518362364,3.639605239263928,49.23395296111647,0.4436826415355607,0.3559047221085319,SB
1.1400785815988954,0.2295965464968011,42.7887973528608,1.84804767928842,1.497955191514806,SB
-0.093090288685418,3.1326612552568607,36.08932915214252,1.517318998467076,1.22789752406605,SB
-1.1467185427864537,8.620222960225865,33.444597785654175,2.394237752333992,1.9550871159007217,A
-1.5222065913082528,5.87785692177384,36.54271325887955,1.6149886497829862,1.3226726783923382,SB
1.1961239207295908,5.050463474835577,48.378925625146245,1.8629973147169268,1.516422024158831,SB
-1.284628178182838,4.383729626469485,29.632997052713833,1.6819866534738552,1.363217210845304,SB
-1.4613202153018456,0.7282300420119393,29.62472806875443,1.5362728062162314,1.2312605520687234,SB
0.6788357749766395,6.160641898600721,40.57387666324619,0.0,1.5611220153102574,SB
0.660207662868755,11.82486044597268,41.441601066447944,0.0,3.079474546952703,C
-0.7517361576782534,12.141541801275208,30.52425689370175,2.5619676482007323,2.059241485264913,A
-3.0465428739280904,0.6326950563430969,31.5160483052574,1.5974828619720671,1.3097518748176653,SB
0.3042185640290806,11.042395923946442,31.803097639707236,0.1016187157551441,0.0815739813809831,SB
0.4914612199379494,19.90020795609195,38.59012989690971,0.0734939710287851,0.0600745293011209,SB
-0.2828028863872242,8.425069529750566,36.538553517090904,2.350195732959233,1.9129788633693772,A
-0.720619132292945,10.985895648791308,27.523101662968443,2.0822996753112526,1.6757899808068435,SB
-0.1043395249626927,23.469233392443307,35.89094171438664,2.2391257608592756,1.8080488168609792,A
0.5741859198396533,10.908534104927902,36.728192649851145,3.779495653074623,3.0416872285663636,C
-0.4705338357130619,8.602730629267452,36.838175242482485,0.2282518655177812,0.187134460794526,SB
0.8972497393631479,7.465100045182942,39.214597704635906,1.4782930031471275,1.1837523688720508,SB
0.3077372826862039,0.404045632441712,35.895797615570885,2.182637172158731,1.77553437225853,SB
-0.3306987701858108,25.016419398558817,30.633326083607027,0.1216524653712866,0.0979899964534632,SB
0.7241219029745198,2.38547823216855,37.67635689733624,1.4841227178730574,1.1952766705943951,SB
-0.1624169240361598,47.97271556020974,32.94274160689376,255.0,2.5649954184942048,A
0.6821267400642279,8.688051764792085,39.808890773350115,3.535897682240085,2.831755783401363,C
0.9913877526083884,7.597722117801544,39.95827801228398,2.09037230929248,1.6732168986644065,SB
-0.0103345031247005,6.07217429511999,36.30752968921719,0.7638021603912594,0.6241044362561916,SB
2.0438280747254436,0.8733125874433124,52.025264359395166,2.091605643377469,1.710318997548017,SB
-0.2227054222379514,12.069364281153783,28.819978755931505,0.9503665552347252,0.7698547414101777,SB
-0.8515264036361094,1.774754331843429,35.915576728258394,3.426684473857029,2.766617871986603,A
-1.0259221085420671,7.1152599256958275,31.833765691595485,2.3109179840472676,1.8791034387292749,A
-0.359756922861034,2.932866286174616,31.07775254522635,2.759196811991652,2.2231977742619087,A
-0.0103345031247005,9.586427144205642,43.98371813619211,3.6308312359492154,2.9460896809974866,C
1.090354241836755,8.519550471036546,41.14728761174002,0.2648666697208931,0.2133488629417125,SB
0.1905034775738551,11.690743060032352,30.720112172794217,1.889745953236785,1.6697393770375202,SB
0.4558813455837401,14.80460266573359,31.647810315910142,1.8259292012209256,1.47054728002797,SB
-0.8995140602228369,8.44642038673008,27.846741088601934,2.18091107286526,1.7672881358292034,SB
-0.6086614812398975,4.707570471706255,27.233488703098597,2.5637314738334016,2.060461082992125,A
-0.7936129659586937,6.559371849254283,34.0631584473118,2.8493075386536284,2.2986358267382254,A
-0.1045480607733018,27.490135243305044,32.34038297563637,255.0,1.2691242026497285,SB
-0.7358609488300463,11.31776663522723,34.324787574490315,2.510114119440372,2.057911530958255,A
0.4402631290428666,12.53882334725935,34.78204769243035,1.4630313436952498,1.1992410798009332,SB
-1.3107316791225143,6.615724850863179,36.43861630804916,1.4084156556938885,1.1436501663891514,SB
-1.6084449583612348,5.57056632096613,34.84924132342771,0.7759240464177242,0.6308457064993634,SB
-0.9018764903742156,9.43746388204001,30.82192352390289,0.9489550256933956,0.7614140005274213,SB
-0.0416822136499921,205.00567660401856,32.41619761601001,0.6458263840398483,1.6697393770375202,SB
-0.0103345031247005,7.155155919063266,44.08409126562785,3.455756109605814,2.830192278448047,C
0.945255298409914,6.25845789070505,45.53989882117653,3.1254203832997316,2.5263485588561068,C
0.5265276827268839,14.775883997307227,35.11382968508641,3.757126320453176,3.009225842848038,C
1.4267106839335826,0.116540154262966,48.15607398689927,2.00891042568168,0.357743404718449,SB
0.8192357593920883,0.98821454494205,39.99043549019086,3.1922688220789683,2.573795459074653,C
0.6897810972229856,10.71095709238441,34.62666094760661,3.5586085804467604,2.8640209835489454,C
0.1598181301729807,38.062349122877016,28.957518733441443,0.0469314295038043,0.0378250604037828,SB
-0.404526588191752,8.072053576788903,31.641684603810667,255.0,2.638909389382919,A
0.766603930116857,12.40882687375924,43.42205301027778,2.939083271885869,2.3752224707530356,C
0.1452873370494019,45.26672659105266,34.228226854774945,3.501580967601539,2.8028949231179676,C
-0.3289936422265759,3.124308877436386,31.81674348553364,3.7246121760446114,3.005199510242697,A
0.3202659620035502,25.79412663016972,37.04505119727749,2.5675976959597,2.058479301010326,C
-0.8439926935820239,0.9886652165058986,29.8653066013888,1.6534350596728795,1.3325463105380129,SB
-0.4397882275958643,22.6305956040809,30.076543318509422,4.5633806000777275,3.731726293469927,A
-0.8195400400975922,10.973415660672702,32.575483352690796,2.4265204344469473,1.970941734896959,A
0.044967604556839,193.67999342535808,31.672862660812157,1.0112295070954025,0.8163165667578008,SB
-1.7091106810129586,4.348943928648686,35.35406009799477,2.2843817678311953,1.845933329266824,A
0.0030960965095923,255.0,33.398172114932365,0.2367618952437404,0.1930054106771722,SB
-2.12432111974477,1.2352579975953346,36.88220185692901,2.1614767155300503,1.748134488629992,SB
1.1625890077526435,4.751910598345762,41.98596823999087,2.876176073920136,2.345584325822723,C
-0.1354324791592037,18.762826459803684,33.14067438200243,2.22015774052966,1.7948490023725774,A
1.463518435130128,5.9911884989207875,48.0841388475691,0.0,1.9764477449602391,C
-1.7019836108647506,4.790951256647717,29.453016389389116,0.0,1.343095290347304,SB
-1.2142026740240537,5.689238013132159,34.78204769243035,2.6978554131246337,2.168279114460399,A
-1.4522570437261526,2.3628432185201893,36.9379518573454,1.0190673250378528,0.8279146002237504,SB
-0.3098594414441648,5.862125062673834,32.71436887065948,0.1458807825534397,0.1171658946261465,SB
-1.770156228195422,2.797041268890798,30.817885942321137,0.7386190026492433,0.5997198687336567,SB
0.4554751189737133,15.323882429502891,37.964385479188905,3.163031356472756,2.53312628234156,C
0.3360058480409817,2.1820979431017995,37.483231614806634,0.8413520004577888,0.6735113853840929,SB
-0.7312027300956819,5.723178471447031,33.4575216654825,2.938225662748318,2.398476013671601,A
-0.2266131809672358,24.871359275423487,27.79358353498175,0.6491117741964837,0.5300718478983107,SB
-0.0585709086843579,125.93173959902452,32.726736278785154,0.5125301683267999,0.4165960194701388,SB
0.8159617971345688,6.801790603308098,36.16146489439084,3.300477411538058,2.6759396785937906,C
-0.7928261242192941,1.9023614159585516,28.16692358987319,2.406739882649905,1.9477595740262617,A
0.0900733609049242,40.81467987507238,35.18844909497552,1.292490304317504,1.037432053588966,SB
-0.6501358863582345,1.1786141077816767,32.42890272264373,3.9140974313846018,3.2050954148192226,A
0.503421649269649,6.858148325920465,33.218471410242046,0.2972860890168675,0.2397682610240845,SB
-1.279800702968078,5.82742827868214,32.64834316296484,2.155095150694135,1.752165708903656,SB
0.7420933302436848,8.793237840868917,35.71885750765229,2.126490090891729,1.7108626876831847,SB
-0.7246820784025575,6.203101064285458,30.93645420247774,2.1256964133306844,1.726825865981184,SB
0.7465794204172258,11.102745442700323,38.378608222046275,3.655426738889996,2.977546887122736,C
-0.3186362972906026,29.67755197407745,31.67712543686217,3.560986836029162,2.885340022059955,A
-1.539695215946889,5.212666827756816,28.101368163797567,2.2528897607542957,1.8051167333019733,A
0.399832171054343,3.899567399283466,33.41502385601499,0.0,3.52928764759279,C
-0.3659143481279161,19.11697847296031,30.60233441272243,0.0,1.5154425181690565,SB
-0.6084097525976344,3.581027517589862,36.03225959396087,4.028205036639829,3.232351101450209,A
0.2378918940044533,9.326040799761412,33.208528722905264,3.3953507737217867,2.764869328471826,C
0.3425290937829652,12.785738524335947,32.44098881724786,0.0,2.364291652895875,C
-1.625620823165218,5.19172454368253,32.846078303816704,0.0,0.4856675358228685,SB
-0.1311613966090727,53.46087214919042,27.570432890781568,2.2805702573929123,1.8448887076348512,A
-0.9150606845486842,0.3166440665768353,35.71703518511546,0.8731220532428862,0.7159269825376712,SB
-1.0821946396774893,6.107307448064835,32.257154995554245,2.3177727578199305,1.8759662378835793,A
-1.5292594524564218,6.054442159330463,34.23805714149701,0.2999580682031662,0.2401294357145285,SB
-0.0812834656502805,121.95510567260838,28.08027008221025,2.522705331781497,2.0457584943818037,B
0.666751619094109,4.791249120326176,35.73511500949889,0.4739716790086118,0.3809313448531864,SB
-0.9794326844560322,0.6066225339878065,31.336916490100545,1.4173353985622683,1.142610884946211,SB
1.0703919897816996,8.094443748040407,42.922086751951,0.0049734282260175,0.0040692848097965,SB
0.9248602047721372,2.8660677655332183,45.27540432613831,3.122997979467337,2.526107387843344,C
0.3074906405206721,2.6832172905578697,31.44191243864048,255.0,1.1056568749414677,SB
-0.9097821417509842,4.060300854207644,35.752459670153016,2.7091824598816223,2.203700589935245,A
-0.4321799239421389,7.770518784356762,33.683814169010454,1.099148327921883,0.8965111633681142,SB
-0.7278209489307406,3.2845226419806792,28.678115977417104,2.8497173237558364,2.3258070781754348,A
0.786504159520891,0.6885037387290661,34.78204769243035,1.193693396523258,0.9599757525786488,SB
-0.8421409707134769,1.1973462368483658,35.914556564339854,2.895102000646294,2.32690366074508,A
-0.5602708762490756,9.99614322404812,36.15594847316078,0.0394007373255969,0.0316212396802719,SB
-0.4107563297349315,13.044496659099725,32.246577364339075,3.9657881675763607,3.175138072793782,A
-0.2562911173502069,23.580157368648045,28.216140332993103,3.245475109506234,2.6318437925981684,A
0.3262819937519172,9.244891457987649,31.961849887399023,0.0144252883581343,0.0117777722488869,SB
0.589070288187295,10.407828925566497,37.09526668863951,0.4973132122666589,0.4049298002155135,SB
-1.0818112836255749,3.666145818651809,29.80403554736106,2.8639182122189135,2.306065333326438,A
0.3525459315308157,12.111703479843188,32.25948359364738,1.6476027796542634,1.3397190373741552,SB
-2.6628976564648843,1.9349585296489893,35.24627760761379,1.83232334483646,1.4838345215416704,SB
0.539450983567543,6.163980655453771,34.868259153692236,3.4012276023344663,2.7402640605429887,C
-0.070713837706407,63.896950438441145,31.55997801573805,0.9143279960117968,0.7467252844367499,SB
0.4854793702527604,18.160774103670818,37.20559438643442,2.507788226944104,2.0427999610567107,C
1.956530017901927,0.6900284610990386,49.35770662637719,2.2047375864124485,1.7937020178983194,C
-1.659087148527247,0.2692278990633157,36.91816965374372,1.3620000040568017,1.0935603697330103,SB
-0.4948711027535574,8.534963034862667,31.78510878978784,4.425249066724444,3.626290039286294,A
1.22932486187472,6.352051234958454,40.13236555448451,0.4130965240274049,0.3309724486563117,SB
0.2484607973789937,8.601408818632697,30.755789670585937,3.266561578890304,2.6155377546375136,C
-0.6316250033604345,1.9239277613786012,36.47754986673934,2.054988469931889,1.6597515059883443,SB
1.6521051895111794,5.983147752482607,34.78204769243035,2.067589619876121,1.6900963463291336,SB
-1.2188102861162164,3.691560941977404,28.563074248506723,0.6049210489938976,0.4850306647897944,SB
-0.4810506528635097,19.51122587097093,33.47688392952769,3.302858911155664,2.6826988660502766,A
0.394055550078162,23.446879917464063,33.31577114716274,2.2329397218249216,1.818757175625889,C
1.322778699456853,4.699603804075224,43.7519568457878,2.580043545262715,2.108540188131821,C
1.1870038212532383,0.9455326512917684,39.75718223795763,1.2614864856123071,1.0228812230540631,SB
-0.1455256026554837,37.566900324035544,29.76645702592895,1.73108699507584,1.4181303271650632,SB
-1.9632785379244475,0.8017734476185038,27.862415710614556,1.965871455904057,1.601261207321633,SB
-1.1837394559850276,5.292238479145334,31.319135085438074,2.906509812206811,2.3680944149203453,A
-1.6311835291427874,4.470254034968137,30.08944870226694,2.475953604570923,1.9999665117042909,A
0.6824026598637623,6.792510925541207,34.78204769243035,3.810260616870067,3.0638052054981357,C
1.1400456576419593,7.0004215606541225,42.72523680801791,2.8798278476187384,2.3402180300287703,C
-0.5717508312447617,17.02231465644349,29.791899001986614,2.8833555797652246,2.331826926849879,A
-0.3933420500410989,11.139433637336989,30.67470830666769,2.056573345665027,1.6530737844321668,SB
1.3616050271755873,1.43939860670039,50.00982776791996,0.8262283255754769,0.6766045907021228,SB
0.6289813461728484,1.68351013683259,41.07703594446897,3.6346383659264783,2.9235045470721124,C
0.3000608214148998,26.6215398727779,35.56414561102257,3.3297312548528057,2.699934907033942,C
-1.5296382674426277,2.014261991847377,28.03884579194981,1.8561426968876304,1.5031094161442888,SB
0.0890651708828989,1.5830951058718292,30.105020298817628,2.661863428280943,2.1299974822392818,C
-0.1959614744936863,16.60657769163629,32.82252033897626,1.7171972355162302,1.394004083724967,SB
0.3451177711093966,13.734436759006108,33.356184659822915,3.141905869755587,2.5595989418733582,C
-0.3399984655238813,16.896587045184482,30.53534439414879,0.3992279532345096,0.3226944227495618,SB
-0.8132300744218846,1.1190380830939004,30.32757647501461,2.381315926461673,1.9209732076397452,A
-1.057812619177307,3.825466469453613,36.44858651475309,2.164924507261147,1.7355004199842403,SB
0.9554606603695704,0.8683882107877484,40.65798525519125,1.213384588864491,0.9921096933520824,SB
0.0316775362794268,129.97912832339935,36.24302657101306,0.3499649644012332,1.6697393770375202,SB
0.0202614287317885,255.0,28.13888787986803,2.00891042568168,0.6792573190378554,SB
-0.6020254014229568,6.858148325920465,36.36590533694345,0.1715388138212832,0.1389314476202713,SB
1.82925865196418,0.7795784585605641,53.9069409691118,2.2956496749785136,1.8759528367587448,C
0.7370132719517285,12.547330845271103,44.0886722254889,3.6834761833328056,3.01988729033642,C
-0.3444205969371295,27.74750527141605,31.25320477651374,4.285517067070151,3.4304922792071846,A
-0.3489312357281032,15.963140664374569,33.32805785413898,0.7064476068527066,0.566152544194751,SB
-0.3070199323599205,14.470628801006525,30.135151742469972,3.4600471699886453,2.782398811726826,A
-0.5777414255643782,14.61457289622408,31.58942494393269,0.95647939340679,0.7719197097815899,SB
0.5326317536167979,18.044504615680953,33.38136500001622,2.5309710554927367,2.054835270451115,C
-0.0826182352031877,30.625964343278063,29.546481693396775,1.300635801290859,1.0620825020045122,SB
-1.2463916623407618,6.229433158780973,35.68028281409657,0.4352317510552241,0.3565885725407892,SB
-0.2384740732184562,34.21343681119483,34.78204769243035,4.095668460677416,3.3240068645068668,A
0.0937089848955571,21.601143787895705,30.22055134103517,2.380565367402725,1.9204012252573008,C
0.2897039914314024,27.47730539785178,31.549697253417957,3.610762573031882,2.923683086173688,C
-0.6882548480493256,10.34008274101679,30.616260487071685,3.3994869174128786,2.728215668501577,A
-0.4523337503364699,2.1162701001290163,34.90541428022172,3.7473759583388135,2.999604240039614,A
0.7457971021449292,2.1630657095269967,36.07870566034759,1.8679912451833571,1.5234785399388804,SB
0.5374312526951732,15.679335970020624,32.87026418041511,2.9084901533499585,2.345086392579838,C
-1.044848827469238,5.691948455112152,27.870223756356292,2.95069304639255,2.405301272639446,A
-1.690302143769182,4.459116388787726,33.388738997433734,2.431331305170768,1.969595805740366,A
1.1992804579035048,1.7430834043416858,41.68424547635788,2.00891042568168,0.374738947640542,SB
-1.8701122399896384,0.5388736305339583,31.097501638090023,2.2670616049769428,1.8377324019626853,A
-0.5673506398559145,8.200651637864222,29.583367569951378,1.2793958555567404,1.042338329251789,SB
-0.5896646000339911,16.66422964043183,29.57220489151588,2.00891042568168,2.127686955915552,A
1.4140218741271324,6.416926809986621,42.20080584877279,2.638313355692544,2.142483475305804,C
1.0762089325550726,5.70503560510422,44.43412959758936,0.0964798830970441,0.0785616283012658,SB
-0.7936297960673251,6.375678525034709,27.77068945351883,1.291817471281176,1.038291699121067,SB
0.3828414125222165,9.275915469432244,36.26427239692093,0.3952127990957262,0.3239851823665041,SB
0.706514967944639,5.120807851899353,34.203153025058604,3.6646703337212903,2.9592815088872073,C
0.2936183422206859,30.304302025653072,30.758981511295165,1.649782154984642,1.349752396400346,SB
-1.8403190793243072,1.9445864490917568,29.726562946354193,2.331057825333714,1.874372246171894,A
-1.7224847296372383,4.950396192025855,33.80513283748183,2.4062375801743903,1.938944626130104,A
0.5096401886230637,6.824543984416315,39.16704482111234,1.9771034622805588,1.5826472632277566,SB
0.9004872740148312,5.5609632009923775,40.24129965419319,3.2331115056035915,2.622091981310739,C
-0.3346410532574933,14.604484550676816,36.76944258681083,3.590677308976388,2.900561218551896,A
-0.4254393965863523,14.922363766373376,31.017562195636017,0.0579809091604482,0.0474813821745365,SB
0.2890507688092192,0.8262218265209011,36.8285133963868,2.543565996066622,2.053053962793368,C
0.3876482266799283,12.093304803609138,37.068743703227426,3.6369485181948904,2.926137281339664,C
0.8678704553678942,4.533979991339122,37.75354313980755,2.085929259605706,1.6955593160040148,SB
0.5090406489802771,2.9801226693795475,33.54294987037857,0.4295368634098515,0.3475096624767197,SB
0.7136776548332722,5.8717382336397925,41.30387721991752,3.536372382035448,2.8948175582257347,C
-1.3595782744945404,1.8092114392187169,31.06004627316849,1.2090500905359869,0.9883700427403456,SB
-1.2323251087799876,4.096896742082974,31.835306078143795,2.6532705036815916,2.1425287279246605,A
-0.9493504646819164,6.858148325920465,34.013569012708885,2.8368197224398544,2.3171397117355346,A
-1.2801191624683204,3.817267590642441,29.14010951708672,0.8102250868652742,0.664003590909553,SB
0.5878883893927664,4.721112363518413,33.02781428563363,1.3635647266684443,1.0980041894303316,SB
0.1536103942738919,21.62939883877434,29.559678150097177,1.9109477311604128,1.5580936661866844,SB
-1.604319745406494,0.0961497506686437,30.470197603903877,0.4161057526086712,0.3364989526392059,SB
-0.040993420129147,31.22716518447284,30.841121946521515,1.8831533443374768,1.5285212030230717,SB
0.5237462724647581,7.408513565045345,35.79315142868755,2.3634956130102136,1.930984873673252,C
-1.537998172383717,2.9009863167301333,36.44025729249931,0.7335382358489042,0.5920550104332808,SB
0.1765463501425774,30.97161112510299,29.315557526306645,0.96569351268008,0.7890519424326703,SB
-1.756555848078317,4.805714487571051,27.09832605352427,2.2673120301279184,1.8436051056934253,A
-0.7066654655882458,1.2754979329718592,32.65192695971806,1.283695895162205,1.0275856907179524,SB
-0.9192371861367588,6.865198349976664,28.66959112251625,2.7036537425560265,2.1964051366442843,A
0.7754108647370865,6.858148325920465,42.29194894920439,0.027446720947058,0.0223142782908977,SB
0.3518821055192562,10.17011169065044,32.350469632857084,1.9583917374321431,1.6046069620786167,SB
0.5266288600739752,17.742203989386546,38.205377134743316,1.6126742119005582,1.3155355111349516,SB
-1.4440091860420714,1.8969456138473184,31.958926533111622,1.4152091877579718,1.14869131339297,SB
0.4771848929814987,13.897873884929329,33.328155706399414,4.389381770501097,3.56289627493091,C
-0.3661142748380175,17.989904667342728,27.59018045692924,0.4727048639765532,0.3866068881029528,SB
-0.9270869942407844,1.8416781357107088,27.378026947476386,0.0471601386984965,0.0385283098045116,SB
-0.3495761170351708,10.584734172899134,31.157861909656457,2.77933935830702,2.238963327043297,A
1.16422171031108,7.421889126922154,34.78204769243035,1.0950143023525336,0.8967180429555914,SB
-0.0697325237231133,27.506701227552675,33.411295655838956,2.219704713515942,1.8109054729575764,C
1.052341783879325,9.31077802857012,38.95366768495876,3.0296586498303175,2.4805272806216543,C
0.8533333668504324,10.453725598582997,37.5531372181196,0.8575625272853482,0.6976290435314654,SB
0.7702153196514319,1.9412698301145188,39.34646784000854,3.4222438669360424,2.769258322815391,C
-0.2117465382758493,30.181990190010573,33.39021188952279,2.00891042568168,0.2058546200663802,SB
-0.3538267660504125,15.460276410511902,29.66220392458812,3.0256414629792743,2.4372049197802292,A
1.230089746556312,3.891597790510617,44.778109326890096,2.6309764055889087,2.1266416531619785,C
-1.7277208824687416,3.6989432836067127,32.588647108710894,2.3999390773681464,1.9319973043439047,A
-0.2959864108065513,22.389190342401697,33.85767753878565,3.547250970243904,2.8462793514432496,A
-1.2285464474884853,5.9672785066458855,36.32875335853277,0.5976910042021901,0.4799708777082998,SB
-1.0015091560893885,9.39847308608146,34.66082345191632,3.0385055496609836,2.4592802411461645,A
1.6764465531624118,1.741548089896186,45.03123818646389,2.1196319728227184,1.712402092810935,SB
0.661635354965532,6.858148325920465,39.64966958479375,3.703991866942369,3.019750229700198,C
0.0020145538953443,255.0,28.904164289291497,0.1072906453323513,0.0875669635003551,SB
0.3770645954458173,25.625402216393145,32.463474752685244,3.240160850330345,1.6697393770375202,SB
-1.3493215812668344,7.178420739158842,34.2603277313699,1.9121315469850448,1.5570299846541948,SB
1.0263945613857983,7.079511768894685,42.06503190286351,2.77932075195676,2.2645758185042264,C
0.1551366578447897,12.224735556249591,35.8918148970445,2.8041212264237703,2.285598598846759,C
-0.0103345031247005,1.0760372089729149,38.15129106177872,2.4135577431291497,1.942566497213086,C
2.3399228245430073,4.237228422618872,51.263308121570205,0.361570485483203,0.2920777771090833,SB
0.8920069400635827,10.562329133958382,42.60269157445929,3.3474211414816444,2.68497519180425,C
0.3134582696695486,19.52333762886902,37.57286031768193,0.0814728461446541,0.0660290321332107,SB
-0.4850575819339815,6.858148325920465,29.248447143946564,4.019675163464257,3.2511974828931622,A
-0.1976872344481109,28.85303614983303,35.89223265830209,0.8729769300375442,0.7019902597213764,SB
0.3535969305365219,18.609698598749997,35.80315555507206,4.259765168407224,3.464177399239443,C
0.6876317388689683,1.158328515099332,34.73160192438733,2.787108403215892,2.2297798944582334,C
1.273425714378805,2.2613540124270948,44.85708172727561,2.801910781512088,2.275662481835554,C
-1.9123228308092073,0.7141897489482834,35.9867789338317,2.243751679703661,1.820638215828443,A
0.2137858864418744,3.7956613837107382,29.144112043980712,3.171792771449526,2.5777483995996016,C
0.4396726987902821,15.009413645185033,36.46373672119604,2.9057100969470406,2.34736984474805,C
-0.8233076440358106,6.245591446565907,35.038490675305084,3.181425939547823,2.602936874822687,A
-0.4988623960726772,5.451304064579986,36.60986141714577,1.006206886685982,0.8199116593941395,SB
1.400116079310563,0.61021377244408,48.70901334547873,1.461201126434809,1.6697393770375202,SB
-0.9968045806413895,7.298784066458004,28.687096941078355,2.316364874337525,1.8629799568434149,A
1.5399447086975786,0.9581460892961132,48.474131953597926,1.284383275818917,1.0453135236047246,SB
0.5596252216171663,8.805839782766506,39.25742168144423,0.9347411526202888,0.7655484225740792,SB
-0.5409758921118766,3.560226192393449,29.495777007868977,4.299214369997871,3.4536084283213295,A
1.6918163560611588,1.2998269642619769,48.44024412168187,1.1474695049178456,0.9262776802335688,SB
-0.0103345031247005,35.38166444812788,37.99829135950227,2.022551469083489,1.6373033646208195,SB
0.021232065947427,6.858148325920465,32.48295891242456,0.4531896607879798,0.3690326180551198,SB
-0.2838661327294105,27.75175131941002,28.49903568187106,1.7815092876237395,1.4538387454012889,SB
-0.2310788370868399,34.3544042390951,27.31835139862576,3.4576880627907,1.6697393770375202,SB
-0.9267338939420152,5.483359495313391,34.78204769243035,1.886396834338072,1.527330226789417,SB
-0.5781982317957303,13.043507238202492,33.87374877635156,3.7324164576343817,3.0020637738612495,A
0.6130655022911397,1.6489908719351034,35.476602303148006,3.8493612680385745,3.097141541564881,C
-0.1096372161635497,26.595359441954137,36.37079074727459,0.0032632127395245,0.0026677491067437,SB
1.0158764265491709,0.6036404393363558,37.32000632916442,0.0,1.8870793320804884,C
0.2786146732888718,4.195511169816587,34.14950613114619,0.0,0.9316164590775118,SB
-1.5841127987368808,1.7247118856639947,34.89299335463742,2.50397877506279,2.044024731313748,A
-0.4711664039168919,3.687411233300778,27.54464845590766,0.5791808473157196,0.4681959344690703,SB
-0.1042201909997031,71.85663104146978,32.764630717298104,1.2704452164015672,1.6697393770375202,SB
-0.6694247580803618,4.834347329201867,27.22845188623969,0.5545499183114339,0.4441388245003829,SB
0.5498788804878206,3.5568899887692167,39.70185344522616,3.691427517974625,3.014292571331814,C
0.0972688617007687,33.95719803500522,34.38973992440769,1.9643842593999543,1.5913925969163774,SB
-0.9371100024256824,3.3497958752075245,31.161998144613147,2.92349757350561,2.371809165972862,A
0.3782015335434943,25.940422519333545,33.54030627226758,2.00891042568168,2.79983915920836,C
-1.4617364464292304,1.5600044245256166,28.477670863668184,1.6813881005856728,1.3666419789775743,SB
-0.9015198231466542,1.3082453429765633,34.58853016373766,0.0,2.6289917774796177,A
-0.8658963684753379,10.891309065655104,28.90222730683299,0.0,2.7219560515104764,A
0.4366167194584369,15.64407450513436,35.233553561016116,4.496835980677929,3.643724201093035,C
0.2782957606847722,28.20013791830974,31.517529347808352,0.770934059896175,0.6264789084127106,SB
-1.0786203227117788,3.935395714142931,36.61945925475125,2.774925316037497,2.249274144464058,A
-0.1172857188915646,29.030882598027112,27.069744854852864,0.803535094623508,0.651862403761093,SB
0.2573289439654204,26.726915635048353,37.72159064273579,1.3919271142331493,1.1338241824876385,SB
-0.6397931683116175,13.302344207508844,30.77512393419064,3.733339959887023,3.0136729173466517,A
-0.7235793873903522,12.42749074430871,30.08688103567303,3.670758809801867,2.9902664209563716,A
-0.5831034736059757,13.76711499662551,36.95435431203309,4.063541160939619,3.2873484415787027,A
1.8029480373607516,0.2649634215548853,53.6469728983419,0.0987677201169107,0.080540982309917,SB
-1.1833570971299805,7.102078362287703,33.14172880642271,2.4816432871593053,2.0286690316643905,A
0.2055585100475632,12.236875691766643,32.5105700960017,0.0231792883982865,0.0187865261713058,SB
-0.0889721413854768,6.122743097040012,35.77803455449036,2.3536372786830824,1.929372678098873,A
-0.0061220223486068,255.0,31.339268509752237,0.4047842442124565,1.6697393770375202,SB
-0.4244185332734539,15.388013339366315,33.65404498408206,3.4422914473102866,2.782657094326182,A
2.266508757278416,2.478896025177922,55.245578132191646,0.7706954860008722,0.6221151449257936,SB
-1.300481234716255,6.8383112292104204,35.58064627324551,0.4937257055590359,0.4040732073300487,SB
-2.4577147010891416,0.136814349902099,28.02638560690288,1.597510183433965,1.3055283710895034,SB
0.5034783393548896,6.858148325920465,32.34700086789855,4.27802976334374,3.473484709236515,C
-0.0207391581174027,255.0,36.280831665491334,0.0058263416559692,0.0047026556532987,SB
-0.7057175363250177,13.121616962753738,33.145293038630975,2.5424226638056258,2.034460257401186,A
0.8301257937356104,4.059162891900216,37.24736427077939,3.344763673624612,2.676294457798516,C
1.4370460570329309,3.936486776072395,42.02496877577403,2.340136257037256,1.8889203357188928,C
1.6446282623697994,4.363565390636283,50.753606246767426,2.2416688620270455,1.8316010214818064,C
-1.480348477676011,0.8917766258579858,36.75145238781835,2.3322874066952703,1.90796164358385,A
0.3357850618656135,18.009303241512026,39.06965605640293,1.7624394041926903,1.4287641768427644,SB
0.4080568758403535,8.430620007455428,34.33727987984226,4.301022046048759,3.513690800715057,C
0.7420945489562785,6.858148325920465,34.562870138243056,0.0,1.8351835572386703,C
0.4604808676902613,19.893343052348527,37.140906048074896,0.0,1.0530019579007344,SB
-1.0486356523133769,7.446232484194859,33.89774051007758,1.343704194027893,1.0786895616008338,SB
0.4782094313535161,19.273001912621503,35.41045954346029,3.908161236073411,3.171328577888726,C
0.7327318106514658,3.832210371182844,37.35356595756939,3.039920602868184,2.4579352617435117,C
1.7632939965308447,0.4547624419111119,50.0510870062856,2.36184866345192,1.9354370999738468,C
1.364060071621577,5.337573369741037,41.7015347855283,0.714063749265023,0.5805266809956795,SB
-0.1891316099131296,33.777345465079414,27.624703134266586,2.118620389037111,1.7240067739810423,SB
-0.1224629475022539,43.22922454507378,35.97284946560198,3.1961547578355205,2.5962130974905584,A
1.167049530428009,3.682480484408973,47.91554390457891,0.3783620014477897,0.3031687775782617,SB
0.0690941156353316,6.858148325920465,35.86974594241671,0.7324370037321107,0.5950612622237575,SB
-0.7796294062172254,4.439813529036143,28.892709948139743,3.5814065297983464,2.8857087805279567,A
0.1534246868864383,45.53848929033944,31.236423558646106,2.7215407908187124,2.2033163412362615,C
0.6123126759282926,9.798688956951873,34.57060474046872,3.907724649490533,3.1577248853764464,C
-1.4859854539049993,0.6855750072257005,36.97997784791122,2.403475797679885,1.964327262472136,A
0.2082143511269449,1.1887687329224346,35.982471206246984,2.0541514930959415,1.678047347687474,SB
-1.1337963427224942,0.5614426433744923,29.94245586900511,2.915803598822933,2.379826667512834,A
0.4217596136013399,11.24752249756597,40.19349838605783,255.0,1.777174487946114,SB
-0.4133739501496411,13.534646735508396,32.95041876553856,2.9438254410350093,2.365189170593081,A
2.3638996112530113,0.1692200093707259,57.755754165094125,0.798479892976606,0.6445274192083312,SB
-1.657854834220548,5.891975677661367,30.077804765819067,2.2268955058638547,1.818148238077578,A
0.3702044780216445,25.26860628632185,30.94160623639457,2.49578573773866,2.014285965436837,C
0.9342339082936306,8.813001329815558,45.350865239303346,0.3011856853180512,0.2448326218784977,SB
0.4815200310756555,17.408774490385458,35.100219701576016,3.4286956484391444,2.7706576555108184,C
0.2974038026662647,5.052160466168799,35.85187286239022,1.2854622501348272,1.043272378287591,SB
2.0794421129360536,4.512448024234602,51.32614300688144,2.169613644512896,1.777321161288823,SB
-1.828652663979335,1.3430107159825906,32.03186869748708,0.95031581113275,0.7753418808449597,SB
0.3818106263522096,7.1199488566705975,37.16287080748043,0.6836047626529517,0.556109377029678,SB
0.9821161926256132,4.557858063269866,38.60026483971964,2.2245117916867847,1.8142831392707075,C
-0.1502321464178868,25.210116974225297,30.31599048258253,0.1058404987601091,0.086257143650446,SB
-0.5519708522599258,13.355523538256614,34.66148193401543,1.2507118310630083,1.0164599561803525,SB
0.4366622105243318,0.2680676801647434,32.98620935847846,2.936277411494734,2.4003156300128876,C
0.9704843752546878,6.98116057097413,45.46646579759613,3.009365584142136,2.4606366183941413,C
0.5129522280320453,6.858148325920465,36.067047389521704,3.312684345802911,2.694753164299941,C
-0.314879164705538,28.54574811630872,27.58297569695392,0.4802065847202401,0.3904566348109763,SB
0.5784341375522539,2.495044804703254,42.436306752359314,3.9674836905751167,3.189897847075673,C
0.3748378165282509,8.55356848356864,33.80285301492202,3.2455532564656493,2.6015059448272058,C
0.0098493013604236,255.0,36.5875314130051,0.360339647446776,0.2886584381735685,SB
-0.0990186310586627,89.20213053158776,29.19367760403622,0.2036077372353381,0.1632281996075501,SB
-0.3954155666702053,19.444464802754784,36.181673330218295,4.619309610280262,3.727998002883326,A
0.5149407705881572,0.2783803374571265,33.925063390632324,3.521777078316394,2.878638036192051,C
1.004826870885016,2.348562260270204,41.08275936021662,2.4401207787612234,1.9528147639731488,C
0.3026974222032074,5.39905220817652,34.302146420926945,0.0,0.671167510329011,SB
1.3980120231380042,5.86167729745281,45.12280320826225,0.0,1.8054302370999535,C
0.9927557972885492,7.2575318820648365,41.60204018975149,1.3300916630796653,1.0743116872158494,SB
0.8270318635200169,3.928279448256167,45.263606607867,1.4419992612634531,1.1706974928970073,SB
-0.7612298628516352,4.323251277623595,36.38040287933523,0.8648851113216216,0.6955651619093105,SB
-0.0136593058057599,55.41724708230406,36.70213751831984,0.2962007789820265,0.2393464471694038,SB
0.0816986020448991,71.5906389657247,28.823709350135736,1.6717285234692056,1.357981554616595,SB
0.5768966226685484,7.756147949742621,37.00634551368675,4.1624514683701035,3.405516990537374,C
-0.3940834813414809,15.749657051027128,28.862427511910216,3.1502551589703645,2.5216963408013133,A
-1.1323430272364794,1.9277335158212487,32.112027578586535,0.1518381806442904,0.1219208169840944,SB
2.2277891957980205,2.9922544670115188,59.16302609107073,1.7528448836902957,1.4286643039524567,SB
0.68094316485161,0.92311679824424,38.1985249820018,3.4941128222349103,2.8325950973976703,C
-2.1051513942209614,1.02207518255087,33.74453107070504,0.1007812277612651,0.0814050042796177,SB
0.2965822601506239,19.71892278497121,33.29653366622034,1.4829859297584638,1.2159160660198087,SB
1.061571006474891,7.564297708415836,42.65724194255121,1.0150036677053254,0.8200081354449971,SB
-0.8428970290519056,6.340019693761523,34.73234093851727,2.3141007982559114,1.885279341477018,A
-1.215136847389258,6.194518843943391,30.502332706503317,2.447192634355932,1.959388923428528,A
-0.0542721902281522,63.5304599384791,28.83374829664001,1.727232135675665,1.3873366857795064,SB
-1.194154169520917,5.421811055123767,32.9715251242192,2.5715754388579573,2.0961095767657487,A
-1.1139956878704218,7.376334822644524,32.40071512799653,2.326915420572466,1.901289882433552,A
-0.4272531437020237,10.263329531049362,36.20206464216257,2.9041001570594664,2.349576445332084,A
0.8086810440285824,3.858203565180391,41.58257908818329,1.908168253627493,1.5343944739858346,SB
-0.3698697746209228,1.6912169717312906,33.78490142424589,0.0010640521755187,0.0008597343825858,SB
0.300523570557483,22.99577250672895,32.14350109800861,3.5648334576119325,2.9142789924215804,C
2.1025924740005704,0.6250473366202483,55.35472684241679,1.3682786601345704,1.1073736160961298,SB
-1.2892845330060778,0.2262759383388771,33.65510680703303,0.6914657434424317,0.5653207120549828,SB
-0.2717399800278746,23.891921853984417,30.125766386310012,1.1879099801819342,0.965641292713436,SB
-1.2898529357558373,3.048154427627015,28.27371449479306,0.6604508153878532,0.5316851139686162,SB
-0.1868857698078327,43.82637629199165,30.47933568214687,1.172300061164366,0.9446002169558004,SB
-0.541907963984847,16.823756224513254,34.686282678471265,4.015569319237687,3.2566577695898817,A
-1.336601115765944,2.928017796562386,32.75534452350225,2.725949124379656,2.1810997290651555,A
-0.2687104884940827,35.52348713150933,27.296548859860536,1.8175494652625457,1.4781792199087112,SB
0.0471565479929191,142.13193499541072,36.630662893589715,1.6059627069295603,1.3087034469998275,SB
-0.7487615964880566,13.322775837868363,35.270530365303145,0.9726363274804694,0.7843325966865997,SB
-0.1887514855800386,30.695603469885537,30.69443261077117,2.7019036240641987,2.209771229613634,A
-1.669157521722795,3.982799161449437,28.573235039673648,2.0766917602465433,1.6909884544641065,SB
-1.1639136877547205,6.749146544491805,33.76285355175506,2.391085704940604,1.948233531653432,A
-1.3682369507898122,3.5306003881389136,36.72157935515091,2.2513944911155725,1.8205965784209797,A
-0.8371113269245514,8.436744629690038,27.48169118959875,0.222779007317041,0.1803136390391131,SB
0.4827563722848124,3.643306772972542,38.895490796834906,3.641422147269812,2.976952841544553,C
-0.0103345031247005,11.5514294727154,30.70634911194733,0.045262850805415,0.0364242296552761,SB
0.9242759751191708,3.732136991655184,39.04263673081549,1.3353577851796374,1.0820467336507218,SB
-0.7010631877534461,10.576080333092712,29.397464970736,3.7457582754224834,3.021967888526728,A
-1.4443447076393368,5.984676011163102,35.319838186002514,0.3669443488413503,0.2948989889558112,SB
-1.755172242651949,0.9127772030372442,34.00376585980171,1.1396529489373497,0.9211989525848112,SB
2.3539455977913653,2.897998518586871,54.00885759794249,0.567063551256978,0.4620407390899582,SB
1.7378019225151675,1.631003459743244,53.25986806981344,0.9254559213216014,0.7438654090355049,SB
0.6869606745711081,2.6671830845847504,34.86859220971224,3.76391618065884,3.0124733616210277,C
-1.6905168625394795,4.642697638571188,27.975207286616023,1.3723896592549885,1.1116684699664208,SB
0.1196154824313713,13.683213934301396,29.498209147501843,1.673361796726539,1.3703033349243343,SB
2.0070337207519886,2.3781868067434107,48.37063125766213,2.2213363545216636,1.8159461318560992,C
-0.1747849633469565,36.781540213173386,27.62614732761992,0.8244593224152252,0.6682100388244118,SB
0.979950271984092,0.2151704512361838,37.608498198168654,1.554545744153222,1.245012018724248,SB
-0.2032719239007276,26.04540184829125,27.09029358849176,0.377536292027133,0.3027116349272367,SB
-1.234491191997136,4.725276012795052,29.266861451414144,2.5095210656489852,2.0483791805787237,A
1.5323323130236854,1.5120476648821817,50.48496940020495,1.487989965554809,1.198286691464702,SB
1.3180662430436032,7.224749291202773,40.65340503839667,2.726876745637288,2.2265664538171426,C
-0.327193062764409,4.398868058665631,34.932486859723525,0.6794547487705246,0.5513377090286673,SB
0.4221558039709778,18.26992841041361,32.371977614512105,2.70304250329024,2.2030182272731267,C
1.1865479428830743,3.415914662732837,48.43975974201105,0.1892046812669306,0.1540361589642981,SB
1.1937512741618683,8.298724530527364,43.02239346141054,1.188143077910565,0.9630797612659848,SB
-1.6974419891455068,1.8252645935692136,36.674729954731575,1.6621471927048097,1.3481943103019165,SB
-0.9169404133716708,3.2935699612672753,28.111618904084185,1.409165553122527,1.141596038068234,SB
-0.2059935230019495,9.047438645214054,35.94214988711009,3.585367475016404,2.873527318471126,A
0.267623967976823,14.042280034861887,32.980655591721046,2.3225067686529672,1.860009829312969,C
-1.0446900787685935,7.05677809776961,28.19427156100431,3.0925257690368,2.5277225187687704,A
2.2943679391785023,0.1899869700611887,54.66380192721704,1.8886187650233477,1.5195113595985308,SB
-0.0103345031247005,13.80393386924938,29.082651837576563,3.5743241005599526,2.9097586492678373,C
-1.0163032127744334,4.3542409645407245,30.26200558539285,2.1464521245017067,1.7250206583141372,SB
-0.3132636215841403,10.588631991003098,32.50915472568291,3.9212255500185176,3.1920871090999605,A
-0.0764190977949984,48.48284987666479,30.458755924181485,0.7974402793067926,0.6482346956471199,SB
1.0640280902618244,8.505002187627563,39.53346255230737,0.5651533238573583,0.4616689057103326,SB
-0.052629143274574,102.32705116235132,29.84642433541303,1.1134520140350812,0.8910911082505792,SB
0.3795690185581918,8.25945902857845,33.90340732945533,3.816619392695189,3.1087506009873938,C
0.3292011515205102,18.44921819598868,31.316388946970992,4.072571731276716,3.292688881819831,C
0.1872524811657622,39.28645381847499,32.358237838289384,0.6886389632704945,0.5521178181872752,SB
-0.3289707322963405,20.958935309348128,32.714346697170775,0.1934790551032556,0.1550295537967468,SB
-0.414335531973701,16.237145965285126,30.46147815938304,2.00891042568168,1.9642230240654557,A
0.856075673963467,5.249938196480688,43.359478769451336,2.2710804190539013,1.851076119662496,C
-0.8540518887159837,5.505231858867701,31.03517428542876,2.00891042568168,2.5651114301759184,A
-0.2545495877882953,11.221247630015831,34.94216556393446,1.8834644209116305,1.538074201931242,SB
0.2264977921993845,2.227622950736576,33.063690944079184,1.1396085693706044,0.920946090443881,SB
0.9179842448574228,9.081956650462722,38.20774952381172,3.297916473049352,2.6938982416194075,C
0.048990457021469,133.4078077643238,35.45546638444922,0.8963503206457138,0.7329798474027682,SB
0.1997527222999293,18.39124747976331,37.48163950190124,1.5860563760806616,1.273610952813674,SB
-1.618008511266873,5.135689387610722,29.23848090600935,2.1560505786732684,1.6697393770375202,SB
0.8806960391951174,4.345963952814081,37.47561534488311,2.465183076511648,2.020247303511368,C
-1.515154587931531,2.8080280743382806,35.482244571138445,0.289934623973161,0.2372233023362159,SB
-0.5894655744095177,1.7611777231520411,32.056218891952014,4.002526153024178,3.268522439635872,A
1.2800620824710631,0.1665134086120208,43.33384208337646,1.3099923419170991,1.0727136108388406,SB
-0.0103345031247005,0.1883675543362271,31.537416405791276,2.358355544417539,1.912368279174764,C
0.9130473146166478,6.545336074781747,39.692497785679286,1.971837676006549,1.6149830413459645,SB
0.6119658583799735,13.385034741947806,33.13245610157675,3.592681332305568,2.9136072780501587,C
-1.0979531578043846,4.566560672488165,31.703477030731584,2.749464148957834,2.2516559452025495,A
0.2060142640830742,13.611168582297775,38.08928363108534,0.0665777343518528,0.0536467371109765,SB
-0.1959770796653496,34.66195578713988,34.78204769243035,3.5672449092265146,2.8917834371464406,A
1.5755690821684292,5.041557018561053,49.94611312273219,1.032486519632042,0.8280477161509788,SB
-0.1202365214601587,22.61543542366175,34.78204769243035,2.27554602962953,1.8247113842298943,A
0.8243114193297167,3.972868386385824,36.295687284494306,0.2560834147036401,0.2057676746834145,SB
0.2004107254082705,36.75028936096544,31.807640796796523,2.1676615340076104,1.7771549689496542,SB
0.1311885575955393,64.83112777635549,30.807994516577097,3.213627809081479,2.6007035993852097,B
-0.8535466588950418,10.01328271215706,34.258322951093305,3.2801608758731815,2.6533644265178333,A
0.1576130124582145,41.71222447481466,33.36431094519381,3.536850371789785,2.8441834945876803,C
-2.1419484733219676,2.6515997495978127,29.669162012181168,2.1588101490616967,1.7479097319708548,SB
0.6321401537472943,3.1204491455367713,34.377051158764765,3.344466550802464,2.6775952833082037,C
0.4731948762129777,14.319158489881591,32.82833686385856,3.2246561401918448,2.637696221164986,C
-2.1507419619575674,3.3077419544123523,31.472103810832845,1.0054182585936464,0.8046036383258132,SB
-0.8761607806895121,3.024344674739761,27.086540849361644,0.436665004509121,0.3549418862514125,SB
0.3842437095204704,18.955751529155105,34.78204769243035,3.8589885369620136,3.153526854032859,C
0.6300317304195456,4.5501806339427935,34.935150873786576,3.8055258197883006,3.064270961811021,C
0.5293569112942188,13.177697794185958,37.370226064364886,1.7469181888378575,1.403406955437483,SB
0.3898995356799734,21.84501413776103,35.89583079073896,4.065299137909204,3.323448644206103,C
1.1552322573234608,5.945098909480344,44.93435852321072,0.3528031963556585,0.285600351031071,SB
-0.0103345031247005,1.488262921595847,56.14317783969076,0.3492887039702653,0.2815471403694286,SB
-0.0673776028585655,40.09528810681716,35.40842410769387,0.6716054782323634,0.5422714378107476,SB
0.147253457321654,31.845229375875135,34.36612335604653,0.1671026206087754,0.1350317004040938,SB
-0.2360651072813225,23.047771572433177,29.29612871711076,1.2334176601243676,0.9948687607515118,SB
-0.59291533199757,2.0746825599376777,33.47797414219523,4.098788636392935,3.3521664167824743,A
0.1240136978855936,28.57122818842146,32.84332573094686,2.680742764581947,2.166229302389894,C
-0.7253730266580138,12.604750879641,29.448481288833616,2.032000048627963,1.6481709392038884,SB
1.680145470454031,2.671026387905326,45.935893136530254,1.0555512602212247,0.8514266046015317,SB
0.0456914506775077,186.7665510005309,27.877101008304994,0.3040990176442957,0.246755271153801,SB
-0.7884107337133822,0.3177983859881985,36.52670182967994,3.461207527066284,2.8207396297012584,A
0.4685558583461172,0.5897135246491115,37.5690146828259,1.6399714194481143,1.3131525054230264,SB
1.5853614928958626,4.752576738841817,47.78702985126142,1.8544804495047456,1.5090997602956415,SB
-0.963507223900816,2.5354209916227246,30.83859524252104,0.88612983828692,0.7140293579919818,SB
-0.683809777760555,7.307936788057336,30.92851869599482,3.632685160626054,2.909671788598081,A
-1.664279970376612,2.7289450704574216,35.50233143620824,2.4510719249718855,1.9949022861372951,A
-0.6233686152930406,9.29970087700967,33.01926797545054,3.813713699484292,3.0630725024842342,A
-0.275322324180678,28.128475444813795,29.859057952604793,3.343840188215182,255.0,A
0.1527513339991068,28.939071906189504,37.626534781636295,1.4610561508317257,1.179886043450907,SB
0.9789376487734408,4.247248684693688,39.218230932900795,1.1707569613695683,0.9520793151569028,SB
0.038882649173209,63.17884988049737,34.22422163400997,0.3214389109193206,0.2591846518222058,SB
-0.7853767351657084,0.246595849022486,28.475595443228652,3.0062567295852305,2.4468195099023697,A
1.420278502881771,2.0408702429481997,43.55001870692126,1.5669687281138125,1.2660924669437814,SB
-1.2034702447657215,1.5984244039101976,35.788036965369734,1.0407732683525528,0.8403231482001765,SB
0.7446125403083317,9.848083042910185,35.826782772297314,3.6646586101947216,2.9495333691818924,C
0.5226690606174442,3.859704958741152,39.61149166482157,3.361531841982585,1.6697393770375202,SB
0.9742399782467888,2.0010801578383437,39.099840857822734,1.8737403308861251,1.6697393770375202,SB
1.0662975684426264,6.645859158274879,46.24542837651774,3.057249225727848,2.506528933091838,C
1.0708514574543384,3.081208017969834,39.74219614634808,3.005123245538581,2.454373004053795,C
-0.7094469549886678,6.864788784198662,35.92523051796371,2.493221607831046,2.0318393298328727,A
-0.0998196970438505,49.72049636807084,29.628398922900686,2.013775803544294,1.649763558001328,SB
-0.7207383822865131,9.78378796332105,36.59827490429183,3.6661580692506375,2.991700197339826,A
1.423039036105505,2.672781793868698,47.56610270339072,2.2797798157993885,1.8246113337074328,C
-0.6762791158840543,11.228920209189496,28.43028110210752,3.8188261183143024,3.10477533547731,A
-2.0918500106761124,0.3535831614207382,32.82360432094757,2.0857127001522255,1.6852144124350483,SB
0.9017911020185432,10.472822480911546,45.93744108071418,1.946355060132012,1.5764953292607435,SB
-0.6700073061871761,5.5236857741166405,33.15075784075466,1.909322120869336,1.5277737400863327,SB
-0.692195693814998,2.528246530045734,28.188939008594325,3.4575880251159172,2.8145056567180076,A
-1.3725200232419814,6.16628405496318,36.34307922815012,1.9812817677799452,1.6154178929598668,SB
-1.7461363633677318,5.093906302148525,35.29232774626645,0.4984440679143447,0.4068217100007269,SB
0.208662388983925,8.343325268935175,33.785144813144576,3.404385236668608,1.6697393770375202,SB
0.987967632316344,9.655182955044078,40.47099115030501,3.1765465491706206,1.6697393770375202,SB
0.5202143015976954,11.51082328597506,37.07468526954408,2.2704746816156804,1.821398545895708,C
0.7364075822761317,4.193308071766034,34.662283675227556,3.645776427132573,2.922742545909218,C
0.7914837664103901,7.704342023415071,40.69059506814502,2.616386463536579,2.1105648563335584,C
-0.3030503094834714,27.43362343573556,36.51172271640142,0.3484625263319276,0.2834613646883104,SB
-0.9482294310076764,0.0486422772602665,30.699751861463337,3.137559406688778,2.5682510507102956,A
-0.1004778498773355,46.2280571608276,32.81196622036608,0.947496358289306,0.7661670647277633,SB
-0.2727590754441844,20.68191947826282,30.337051878720377,0.4439018873276225,0.3588375954656604,SB
-1.831277944365134,2.632174140051119,30.338274248579346,1.8659385842284697,1.5224544154791924,SB
-0.9838713798479084,4.780253191481754,36.6134054788162,2.5190471412598483,2.0494150125398987,A
2.5233714348912772,3.8530816007109574,55.0388167453951,1.7277079079874968,1.3933377857643188,SB
-0.9379045962041176,4.531164398097339,27.186030439442096,0.7601086615285707,0.6130239728692319,SB
0.0937605047409519,65.9112323184225,34.28306806946883,0.1627566727112312,0.1303796578975844,SB
-0.243480581509192,5.25762789925776,34.78204769243035,1.2899493894600145,1.0562060473299577,SB
-0.0103345031247005,9.018568479009389,31.42224069331406,3.5842103604845703,2.9159543154809144,C
0.1715325616937179,56.15477147422551,29.206972057079756,0.4857937878143959,0.3908791054339484,SB
-0.8924096217806519,10.994923328007305,28.45773716500712,2.2401178986473127,1.8347990487156145,A
-0.433712665231699,21.23282718640472,30.923284367569767,1.535469050642216,1.2578464144514232,SB
-0.0349124925352679,53.16766314236106,36.65328307630626,0.911580140445768,0.7402615415974552,SB
0.559372995536886,10.159930080003196,36.879805986673546,3.247443264714615,2.65727113304173,C
0.7576450688723867,5.571241388100152,35.549030434542004,2.810292104038937,2.259289384073286,C
-1.1462507955452557,4.372049791023298,31.41636870021615,0.8690837315286785,0.7027606706474552,SB
0.3402213970437381,9.77632722387195,32.87762812569048,2.4573937718764953,2.010690842788043,C
-0.8349916989103278,7.761819583974967,31.078672247981487,3.4262980635389,2.7666363080941068,A
-0.2976684503611493,27.512610670487447,35.075740629958204,1.248109542305644,1.0101763766377485,SB
1.200994093089916,0.0796946051938294,45.67072271880684,2.460387483422583,1.977868187770652,C
-0.3986845676001813,23.333842304864863,35.635556713693475,4.451150507338113,3.640604734083833,A
1.317081172583642,0.294348767659102,47.20027544761237,2.7014825005302927,2.192510412941817,C
0.1614512805842343,41.766963077633314,34.027541233123,2.4305567031276443,1.9755599662324208,C
-0.8962037358375106,3.721199782407327,29.48292785001441,2.7782943169900007,2.2428490574072844,A
0.4370833021495233,13.342491303108424,37.06236939200029,0.1727426055697177,0.138355202549317,SB
0.3660450041052074,3.448407157549942,33.34875721926913,3.874861986762813,3.104684561321487,C
0.9001569564361976,0.0318421941684101,42.292577076961216,2.1922198799453336,1.7888126680808023,SB
0.5953637597551812,4.450151020319777,34.49707341176584,1.4857186905287942,1.2041102364153011,SB
